HVO_RS00005	6137
HVO_RS00010	2659
HVO_RS00015	1612
HVO_RS00020	1833
HVO_RS00025	765
HVO_RS00030	2105
HVO_RS00035	11494
HVO_RS00040	213
HVO_RS00045	8147
HVO_RS00050	4522
HVO_RS00055	3183
HVO_RS00060	592
HVO_RS00065	13910
HVO_RS00070	4533
HVO_RS00075	3719
HVO_RS00080	5716
HVO_RS00085	914
HVO_RS00090	12437
HVO_RS00095	4499
HVO_RS00100	544
HVO_RS00105	365
HVO_RS00110	1571
HVO_RS00115	1057
HVO_RS00120	2760
HVO_RS00125	388
HVO_RS00130	217
HVO_RS00135	4617
HVO_RS00140	580
HVO_RS00145	1565
HVO_RS00150	387
HVO_RS00155	144
HVO_RS00160	12
HVO_RS00165	10
HVO_RS00170	100
HVO_RS00175	48
HVO_RS00180	534
HVO_RS00185	2642
HVO_RS00190	5838
HVO_RS00195	11920
HVO_RS00200	6559
HVO_RS00205	2154
HVO_RS00210	9985
HVO_RS00215	11163
HVO_RS00220	24569
HVO_RS00225	136274
HVO_RS00230	36687
HVO_RS00235	19899
HVO_RS00240	199377
HVO_RS00245	59230
HVO_RS00250	60935
HVO_RS00255	12888
HVO_RS00260	49191
HVO_RS00265	20692
HVO_RS00270	2791
HVO_RS00275	74432
HVO_RS00280	57448
HVO_RS00285	92145
HVO_RS00290	65652
HVO_RS00295	49002
HVO_RS00300	67835
HVO_RS00305	35006
HVO_RS00310	96457
HVO_RS00315	64272
HVO_RS00320	45287
HVO_RS00325	1903
HVO_RS00330	2840
HVO_RS00335	4236
HVO_RS00340	15813
HVO_RS00345	9377
HVO_RS00350	3272
HVO_RS00355	4752
HVO_RS00360	1852
HVO_RS00365	2464
HVO_RS00370	3111
HVO_RS00375	3221
HVO_RS00380	1552
HVO_RS00385	1501
HVO_RS00390	1221
HVO_RS00395	8431
HVO_RS00400	5463
HVO_RS00405	10033
HVO_RS00410	2437
HVO_RS00415	1733
HVO_RS00420	2686
HVO_RS00425	709
HVO_RS00430	582
HVO_RS00435	854
HVO_RS00440	146
HVO_RS00445	291
HVO_RS00450	1837
HVO_RS00455	384
HVO_RS00460	5453
HVO_RS00465	2321
HVO_RS00470	312
HVO_RS00475	89
HVO_RS00480	248
HVO_RS00485	2628
HVO_RS00490	4957
HVO_RS00495	580
HVO_RS00500	144
HVO_RS00505	1230
HVO_RS00510	127
HVO_RS00515	485
HVO_RS00520	106
HVO_RS00525	54
HVO_RS00530	859
HVO_RS00535	1160
HVO_RS00540	16682
HVO_RS00545	6163
HVO_RS00550	6363
HVO_RS00555	1807
HVO_RS00560	2018
HVO_RS00565	9028
HVO_RS00570	108540
HVO_RS00575	438
HVO_RS00580	184
HVO_RS00585	15
HVO_RS00590	28
HVO_RS00595	53
HVO_RS00600	10
HVO_RS00605	22
HVO_RS00610	146
HVO_RS00615	795
HVO_RS00620	449
HVO_RS00630	29480
HVO_RS00635	4877
HVO_RS00640	17265
HVO_RS00645	10722
HVO_RS00650	11252
HVO_RS00655	8891
HVO_RS00660	2072
HVO_RS00665	5978
HVO_RS00670	10725
HVO_RS00675	10666
HVO_RS00680	5955
HVO_RS00685	9024
HVO_RS00690	9139
HVO_RS00695	24499
HVO_RS00700	89083
HVO_RS00705	6342
HVO_RS00710	2199
HVO_RS00715	2124
HVO_RS00720	32011
HVO_RS00725	7292
HVO_RS00730	29857
HVO_RS00735	1552
HVO_RS00740	235
HVO_RS00745	14873
HVO_RS00750	2627
HVO_RS00755	11853
HVO_RS00760	43508
HVO_RS00765	2326
HVO_RS00770	2833
HVO_RS00775	373
HVO_RS00780	5882
HVO_RS00785	533
HVO_RS00790	170
HVO_RS00795	261
HVO_RS00800	1
HVO_RS00805	1646
HVO_RS00810	831
HVO_RS00815	222
HVO_RS00820	405
HVO_RS00825	748
HVO_RS00830	204
HVO_RS00835	713
HVO_RS00840	2726
HVO_RS00845	383
HVO_RS00850	1893
HVO_RS00855	4327
HVO_RS00860	167
HVO_RS00865	22
HVO_RS00870	53
HVO_RS00875	93
HVO_RS00880	15
HVO_RS00885	40
HVO_RS00890	518
HVO_RS00895	33381
HVO_RS00900	4073
HVO_RS00905	75293
HVO_RS00910	15911
HVO_RS00915	17147
HVO_RS00920	1247
HVO_RS00925	644
HVO_RS00930	838
HVO_RS00935	565
HVO_RS00940	4952
HVO_RS00945	1094
HVO_RS00950	4474
HVO_RS00955	40046
HVO_RS00965	9953
HVO_RS00970	75468
HVO_RS00975	192180
HVO_RS00980	1788
HVO_RS00985	4952
HVO_RS00990	1298
HVO_RS00995	2316
HVO_RS01000	613
HVO_RS01005	761
HVO_RS01010	533
HVO_RS01015	72
HVO_RS01025	162
HVO_RS01030	50
HVO_RS01035	128
HVO_RS01040	467
HVO_RS01045	96
HVO_RS01050	1165
HVO_RS01055	364
HVO_RS01060	112
HVO_RS01065	1208
HVO_RS01070	2790
HVO_RS01075	243
HVO_RS01080	105
HVO_RS01085	91
HVO_RS01090	153
HVO_RS01095	248
HVO_RS01100	5141
HVO_RS01105	957
HVO_RS01110	949
HVO_RS01115	1364
HVO_RS01120	895
HVO_RS01125	117
HVO_RS01130	86
HVO_RS01135	39
HVO_RS01140	146
HVO_RS01145	3852
HVO_RS01150	94
HVO_RS01155	303
HVO_RS01160	3849
HVO_RS01165	1384
HVO_RS01170	733
HVO_RS01175	1549
HVO_RS01180	497
HVO_RS01185	39394
HVO_RS01190	23681
HVO_RS01195	264
HVO_RS01200	3800
HVO_RS01205	476
HVO_RS01210	749
HVO_RS01215	5383
HVO_RS01220	76
HVO_RS01230	4884
HVO_RS01235	7086
HVO_RS01240	1266
HVO_RS01245	10934
HVO_RS01250	2208
HVO_RS01255	370
HVO_RS01260	3300
HVO_RS01265	56
HVO_RS01270	3572
HVO_RS01275	94
HVO_RS01280	215
HVO_RS01285	561
HVO_RS01290	1175
HVO_RS01295	119796
HVO_RS01300	1317
HVO_RS01305	2007
HVO_RS01310	1850
HVO_RS01315	3694
HVO_RS01330	37963
HVO_RS01335	994
HVO_RS01340	559
HVO_RS01345	1475
HVO_RS01350	5611
HVO_RS01355	11199
HVO_RS01360	93
HVO_RS01365	2247
HVO_RS01370	5881
HVO_RS01375	1676
HVO_RS01380	3282
HVO_RS01385	3247
HVO_RS01390	11373
HVO_RS01395	6115
HVO_RS01400	4273
HVO_RS01405	29714
HVO_RS01410	1122
HVO_RS01415	2081
HVO_RS01420	316
HVO_RS01425	313
HVO_RS01430	5698
HVO_RS01435	2395
HVO_RS01440	3217
HVO_RS01445	232
HVO_RS01450	938
HVO_RS01455	242
HVO_RS01460	155
HVO_RS01465	34
HVO_RS01470	91
HVO_RS01475	1400
HVO_RS01480	383
HVO_RS01485	679
HVO_RS01490	101
HVO_RS01495	1522
HVO_RS01500	563
HVO_RS01505	21
HVO_RS01510	21
HVO_RS01515	250
HVO_RS01520	575
HVO_RS01525	1656
HVO_RS01530	763
HVO_RS01535	190
HVO_RS01540	2556
HVO_RS01545	502
HVO_RS01550	3191
HVO_RS01555	4386
HVO_RS01560	176
HVO_RS01565	239
HVO_RS01570	293
HVO_RS01575	516
HVO_RS01580	80
HVO_RS01585	32
HVO_RS01590	76
HVO_RS01595	30
HVO_RS01600	948
HVO_RS01605	1495
HVO_RS01610	28
HVO_RS01625	4
HVO_RS01630	30
HVO_RS01635	609
HVO_RS01640	96
HVO_RS01645	85
HVO_RS01650	53
HVO_RS01655	147
HVO_RS01660	919
HVO_RS01665	1118
HVO_RS01670	241
HVO_RS01675	294
HVO_RS01680	518
HVO_RS01685	239
HVO_RS01690	18
HVO_RS01695	11202
HVO_RS01700	4780
HVO_RS01705	7718
HVO_RS01710	42331
HVO_RS01715	9552
HVO_RS01720	2069
HVO_RS01725	15819
HVO_RS01730	19948
HVO_RS01735	60410
HVO_RS01740	859
HVO_RS01745	23500
HVO_RS01750	1962
HVO_RS01755	5488
HVO_RS01760	3151
HVO_RS01765	769
HVO_RS01770	359
HVO_RS01775	3045
HVO_RS01780	1176
HVO_RS01785	1576
HVO_RS01790	1264
HVO_RS01795	14012
HVO_RS01800	33712
HVO_RS01805	18406
HVO_RS01810	44055
HVO_RS01815	576
HVO_RS01820	4553
HVO_RS01825	16429
HVO_RS01830	7998
HVO_RS01835	15398
HVO_RS01840	14513
HVO_RS01845	0
HVO_RS01850	0
HVO_RS01855	0
HVO_RS01860	0
HVO_RS01865	0
HVO_RS01870	4046
HVO_RS01875	4447
HVO_RS01880	2147
HVO_RS01885	5247
HVO_RS01890	11535
HVO_RS01895	577
HVO_RS01900	18498
HVO_RS01905	3458
HVO_RS01910	7148
HVO_RS01915	10473
HVO_RS01920	19565
HVO_RS01925	1047
HVO_RS01930	83
HVO_RS01935	45
HVO_RS01940	1496
HVO_RS01945	1381
HVO_RS01955	8795
HVO_RS01960	15990
HVO_RS01965	1197
HVO_RS01970	663
HVO_RS01975	40081
HVO_RS01980	523
HVO_RS01990	3947
HVO_RS01995	1146
HVO_RS02000	50
HVO_RS02005	93
HVO_RS02010	389
HVO_RS02015	42
HVO_RS02020	115
HVO_RS02025	29
HVO_RS02040	12333
HVO_RS02045	1317
HVO_RS02050	2355
HVO_RS02060	6964
HVO_RS02065	351
HVO_RS02075	7249
HVO_RS02080	309
HVO_RS02085	2740
HVO_RS02090	2004
HVO_RS02095	14544
HVO_RS02100	1755
HVO_RS02105	148
HVO_RS02110	54
HVO_RS02115	20
HVO_RS02120	89
HVO_RS02130	785
HVO_RS02135	179
HVO_RS02140	35
HVO_RS02145	242
HVO_RS02150	162
HVO_RS02155	19
HVO_RS02160	127
HVO_RS02165	8179
HVO_RS02170	7872
HVO_RS02175	41711
HVO_RS02180	12
HVO_RS02185	171
HVO_RS02190	31
HVO_RS02195	86
HVO_RS02200	953
HVO_RS02205	469
HVO_RS02210	2696
HVO_RS02215	161
HVO_RS02220	29
HVO_RS02225	247
HVO_RS02230	710
HVO_RS02235	47
HVO_RS02240	344
HVO_RS02245	2845
HVO_RS02250	787
HVO_RS02255	3047
HVO_RS02260	1270
HVO_RS02265	1202
HVO_RS02270	12402
HVO_RS02275	4202
HVO_RS02280	211
HVO_RS02285	4547
HVO_RS02290	31
HVO_RS02295	9114
HVO_RS02300	5019
HVO_RS02305	188
HVO_RS02310	1823
HVO_RS02315	1507
HVO_RS02320	5473
HVO_RS02325	2130
HVO_RS02330	26
HVO_RS02345	7440
HVO_RS02355	404
HVO_RS02365	192
HVO_RS02370	215
HVO_RS02375	202
HVO_RS02380	69
HVO_RS02385	2106
HVO_RS02390	2502
HVO_RS02395	1127
HVO_RS02400	6155
HVO_RS02405	3938
HVO_RS02410	485
HVO_RS02415	0
HVO_RS02420	629
HVO_RS02425	1519
HVO_RS02430	204
HVO_RS02435	1729
HVO_RS02440	3028
HVO_RS02445	36
HVO_RS02450	2347
HVO_RS02455	73272
HVO_RS02465	278
HVO_RS02470	3539
HVO_RS02480	7996
HVO_RS02485	466
HVO_RS02490	69
HVO_RS02495	67
HVO_RS02500	2956
HVO_RS02505	3781
HVO_RS02510	269
HVO_RS02515	366
HVO_RS02520	14547
HVO_RS02525	1649
HVO_RS02530	24277
HVO_RS02535	439
HVO_RS02540	300
HVO_RS02545	999
HVO_RS02550	12970
HVO_RS02555	59
HVO_RS02560	7321
HVO_RS02565	18014
HVO_RS02570	27345
HVO_RS02575	5379
HVO_RS02580	26674
HVO_RS02585	6961
HVO_RS02590	18453
HVO_RS02595	1491
HVO_RS02600	83
HVO_RS02605	1260
HVO_RS02610	599
HVO_RS02615	695
HVO_RS02620	1299
HVO_RS02625	327
HVO_RS02630	3666
HVO_RS02635	14986
HVO_RS02645	663
HVO_RS02650	3587
HVO_RS02655	114
HVO_RS02660	161
HVO_RS02665	3457
HVO_RS02670	7521
HVO_RS02675	9531
HVO_RS02680	3552
HVO_RS02685	4493
HVO_RS02690	88681
HVO_RS02695	700
HVO_RS02700	3825
HVO_RS02705	6323
HVO_RS02710	8508
HVO_RS02715	917
HVO_RS02720	843
HVO_RS02725	1903
HVO_RS02730	317
HVO_RS02735	4619
HVO_RS02740	425
HVO_RS02745	393
HVO_RS02750	480
HVO_RS02755	53278
HVO_RS02760	78623
HVO_RS02765	24059
HVO_RS02770	26906
HVO_RS02775	11511
HVO_RS02780	773
HVO_RS02785	2304
HVO_RS02790	691
HVO_RS02795	657
HVO_RS02800	508
HVO_RS02805	1475
HVO_RS02810	943
HVO_RS02815	684
HVO_RS02820	336
HVO_RS02825	425
HVO_RS02830	330
HVO_RS02835	206
HVO_RS02840	369
HVO_RS02845	779
HVO_RS02850	509
HVO_RS02855	184
HVO_RS02860	12983
HVO_RS02865	2161
HVO_RS02870	23120
HVO_RS02875	2294
HVO_RS02880	591
HVO_RS02885	2005
HVO_RS02890	2511
HVO_RS02895	214
HVO_RS02900	7897
HVO_RS02905	4073
HVO_RS02910	56
HVO_RS02920	264
HVO_RS02930	8784
HVO_RS02935	3176
HVO_RS02940	4173
HVO_RS02945	225
HVO_RS02950	528
HVO_RS02955	461
HVO_RS02960	158
HVO_RS02965	3281
HVO_RS02970	747
HVO_RS02975	1505
HVO_RS02980	2734
HVO_RS02985	4984
HVO_RS02990	27
HVO_RS02995	39
HVO_RS03000	1325
HVO_RS03005	3601
HVO_RS03010	4055
HVO_RS03015	63
HVO_RS03020	8959
HVO_RS03025	3782
HVO_RS03035	2786
HVO_RS03040	705
HVO_RS03045	691
HVO_RS03050	37574
HVO_RS03055	1718
HVO_RS03060	12316
HVO_RS03065	555
HVO_RS03070	3242
HVO_RS03075	1597
HVO_RS03080	63
HVO_RS03085	6426
HVO_RS03090	1420
HVO_RS03095	5487
HVO_RS03100	1850
HVO_RS03105	5127
HVO_RS03110	889
HVO_RS03115	417
HVO_RS03120	4812
HVO_RS03125	8422
HVO_RS03130	11469
HVO_RS03135	3437
HVO_RS03140	415
HVO_RS03145	5177
HVO_RS03150	81
HVO_RS03155	287
HVO_RS03160	161
HVO_RS03165	597
HVO_RS03170	138
HVO_RS03175	1123
HVO_RS03180	79
HVO_RS03185	64
HVO_RS03190	1417
HVO_RS03195	212
HVO_RS03200	179
HVO_RS03205	476
HVO_RS03210	940
HVO_RS03215	170
HVO_RS03220	1734
HVO_RS03225	1225
HVO_RS03230	8274
HVO_RS03235	17
HVO_RS03240	354
HVO_RS03245	1165
HVO_RS03250	1648
HVO_RS03255	1520
HVO_RS03260	806
HVO_RS03265	631
HVO_RS03270	12305
HVO_RS03275	29375
HVO_RS03280	4042
HVO_RS03285	7111
HVO_RS03290	81
HVO_RS03295	1413
HVO_RS03300	1395
HVO_RS03305	1275
HVO_RS03315	6188
HVO_RS03320	1540
HVO_RS03325	4840
HVO_RS03330	1323
HVO_RS03335	19886
HVO_RS03340	2539
HVO_RS03345	8998
HVO_RS03350	27130
HVO_RS03355	2647
HVO_RS03360	3423
HVO_RS03365	544
HVO_RS03370	1225
HVO_RS03375	4008
HVO_RS03380	1858
HVO_RS03390	4230
HVO_RS03395	2862
HVO_RS03405	14084
HVO_RS03435	274
HVO_RS03440	128
HVO_RS03445	581
HVO_RS03450	215
HVO_RS03455	952
HVO_RS03460	1129
HVO_RS03465	1325
HVO_RS03470	2576
HVO_RS03475	37
HVO_RS03480	8535
HVO_RS03485	549
HVO_RS03490	105
HVO_RS03495	1867
HVO_RS03500	1762
HVO_RS03505	2761
HVO_RS03515	1782
HVO_RS03520	208
HVO_RS03525	8024
HVO_RS03530	3590
HVO_RS03535	8098
HVO_RS03540	14751
HVO_RS03545	3092
HVO_RS03550	309
HVO_RS03555	191
HVO_RS03560	737
HVO_RS03565	908
HVO_RS03570	8308
HVO_RS03575	8680
HVO_RS03580	772
HVO_RS03585	6143
HVO_RS03600	24
HVO_RS03605	166
HVO_RS03610	6447
HVO_RS03615	2414
HVO_RS03620	3255
HVO_RS03625	5070
HVO_RS03630	907
HVO_RS03635	56
HVO_RS03645	5090
HVO_RS03650	533
HVO_RS03665	50
HVO_RS03670	1119
HVO_RS03675	1639
HVO_RS03680	868
HVO_RS03685	646
HVO_RS03690	0
HVO_RS03695	560
HVO_RS03700	5966
HVO_RS03705	2973
HVO_RS03710	2414
HVO_RS03720	511
HVO_RS03730	209
HVO_RS03740	3671
HVO_RS03745	1236
HVO_RS03750	2937
HVO_RS03755	4187
HVO_RS03765	1167
HVO_RS03770	303
HVO_RS03775	998
HVO_RS03780	1078
HVO_RS03785	990
HVO_RS03790	920
HVO_RS03795	11319
HVO_RS03800	4598
HVO_RS03805	2538
HVO_RS03810	300
HVO_RS03815	2851
HVO_RS03820	3147
HVO_RS03825	24
HVO_RS03830	168
HVO_RS03835	53
HVO_RS03840	1014
HVO_RS03845	7026
HVO_RS03850	12243
HVO_RS03855	9482
HVO_RS03865	28
HVO_RS03870	53
HVO_RS03875	2366
HVO_RS03880	1160
HVO_RS03885	365
HVO_RS03890	1272
HVO_RS03895	931
HVO_RS03900	9301
HVO_RS03905	928
HVO_RS03910	18495
HVO_RS03915	3923
HVO_RS03920	9229
HVO_RS03925	11533
HVO_RS03930	2799
HVO_RS03935	2081
HVO_RS03940	1609
HVO_RS03945	10703
HVO_RS03950	2800
HVO_RS03955	2126
HVO_RS03960	119732
HVO_RS03965	3208
HVO_RS03970	4480
HVO_RS03975	188
HVO_RS03980	1447
HVO_RS03985	335
HVO_RS03990	1899
HVO_RS03995	2234
HVO_RS04000	1234
HVO_RS04005	7548
HVO_RS04010	3804
HVO_RS04015	16632
HVO_RS04020	11114
HVO_RS04025	463
HVO_RS04030	257
HVO_RS04035	2188
HVO_RS04040	42
HVO_RS04045	121
HVO_RS04050	565
HVO_RS04055	12454
HVO_RS04060	16591
HVO_RS04065	4478
HVO_RS04070	9946
HVO_RS04075	2507
HVO_RS04080	31000
HVO_RS04085	8571
HVO_RS04090	30123
HVO_RS04095	1534
HVO_RS04100	2296
HVO_RS04105	4325
HVO_RS04110	563
HVO_RS04115	1877
HVO_RS04120	410
HVO_RS04125	2931
HVO_RS04130	58
HVO_RS04135	42
HVO_RS04140	64
HVO_RS04145	89
HVO_RS04150	173
HVO_RS04155	59
HVO_RS04160	4160
HVO_RS04165	814
HVO_RS04170	321
HVO_RS04175	1093
HVO_RS04180	1409
HVO_RS04185	3502
HVO_RS04190	2475
HVO_RS04195	1405
HVO_RS04200	135
HVO_RS04205	640
HVO_RS04210	389
HVO_RS04215	181
HVO_RS04220	169
HVO_RS04225	36
HVO_RS04230	100
HVO_RS04235	431
HVO_RS04240	1903
HVO_RS04245	2579
HVO_RS04250	1034
HVO_RS04255	1312
HVO_RS04260	682
HVO_RS04265	49204
HVO_RS04270	491
HVO_RS04275	102
HVO_RS04280	7075
HVO_RS04285	1358
HVO_RS04290	10203
HVO_RS04295	316871
HVO_RS04300	6131
HVO_RS04305	9938
HVO_RS04310	1426
HVO_RS04315	18040
HVO_RS04320	1959
HVO_RS04325	2241
HVO_RS04330	8303
HVO_RS04340	48691
HVO_RS04345	33952
HVO_RS04350	16519
HVO_RS04355	8840
HVO_RS04360	32887
HVO_RS04365	1034
HVO_RS04370	1062
HVO_RS04375	4050
HVO_RS04380	75
HVO_RS04385	183
HVO_RS04390	109
HVO_RS04395	234
HVO_RS04400	1195
HVO_RS04405	366
HVO_RS04410	152
HVO_RS04415	129
HVO_RS04420	102
HVO_RS04425	249
HVO_RS04430	48
HVO_RS04435	31
HVO_RS04440	41
HVO_RS04445	28
HVO_RS04450	24
HVO_RS04455	41
HVO_RS04460	1693
HVO_RS04465	32849
HVO_RS04470	10850
HVO_RS04475	6201
HVO_RS04480	19498
HVO_RS04485	7595
HVO_RS04490	661
HVO_RS04495	13682
HVO_RS04500	397
HVO_RS04505	9083
HVO_RS04510	1855
HVO_RS04515	211
HVO_RS04520	14542
HVO_RS04525	255
HVO_RS04530	222
HVO_RS04540	11254
HVO_RS04545	42823
HVO_RS04550	126
HVO_RS04555	600
HVO_RS04560	668
HVO_RS04565	1106
HVO_RS04570	182
HVO_RS04580	474
HVO_RS04585	872
HVO_RS04590	2067
HVO_RS04595	5174
HVO_RS04600	24168
HVO_RS04605	3499
HVO_RS04610	2605
HVO_RS04615	7724
HVO_RS04620	5605
HVO_RS04625	1716
HVO_RS04630	6001
HVO_RS04635	11723
HVO_RS04640	18392
HVO_RS04645	235274
HVO_RS04650	12103
HVO_RS04655	4647
HVO_RS04660	122151
HVO_RS04665	19322
HVO_RS04670	2406
HVO_RS04675	57033
HVO_RS04680	1249
HVO_RS04685	7132
HVO_RS04690	1577
HVO_RS04695	12534
HVO_RS04700	7457
HVO_RS04705	141018
HVO_RS04710	50866
HVO_RS04715	56707
HVO_RS04720	29325
HVO_RS04725	8387
HVO_RS04730	26515
HVO_RS04735	5282
HVO_RS04740	8300
HVO_RS04745	33752
HVO_RS04750	14463
HVO_RS04755	5609
HVO_RS04760	3575
HVO_RS04765	11057
HVO_RS04770	65502
HVO_RS04775	8517
HVO_RS04780	41110
HVO_RS04785	34575
HVO_RS04790	6535
HVO_RS04795	18431
HVO_RS04800	21403
HVO_RS04805	26384
HVO_RS04810	53815
HVO_RS04815	810
HVO_RS04820	10787
HVO_RS04825	260619
HVO_RS04830	4199
HVO_RS04835	23821
HVO_RS04840	14504
HVO_RS04845	29521
HVO_RS04850	3056
HVO_RS04855	2868
HVO_RS04860	677
HVO_RS04865	4066
HVO_RS04870	14064
HVO_RS04875	1753
HVO_RS04880	8643
HVO_RS04885	7109
HVO_RS04890	56695
HVO_RS04895	720
HVO_RS04900	17307
HVO_RS04905	25083
HVO_RS04910	17959
HVO_RS04915	12235
HVO_RS04920	21996
HVO_RS04925	14646
HVO_RS04930	6326
HVO_RS04935	25231
HVO_RS04940	50150
HVO_RS04945	2489
HVO_RS04950	3581
HVO_RS04955	23851
HVO_RS04960	92634
HVO_RS04965	85030
HVO_RS04970	22466
HVO_RS04975	14404
HVO_RS04980	70211
HVO_RS04985	47787
HVO_RS04990	60495
HVO_RS04995	51984
HVO_RS05000	548710
HVO_RS05005	11504
HVO_RS05010	56113
HVO_RS05015	1355
HVO_RS05020	19917
HVO_RS05025	2356
HVO_RS05030	26581
HVO_RS05035	81531
HVO_RS05040	9691
HVO_RS05045	1076
HVO_RS05050	1642
HVO_RS05055	12272
HVO_RS05060	9289
HVO_RS05065	7326
HVO_RS05070	25613
HVO_RS05075	37942
HVO_RS05080	2405
HVO_RS05085	1266
HVO_RS05090	16099
HVO_RS05095	5715
HVO_RS05105	911
HVO_RS05110	2149
HVO_RS05115	7218
HVO_RS05120	18225
HVO_RS05125	771
HVO_RS05130	4612
HVO_RS05135	949
HVO_RS05140	19977
HVO_RS05145	5421
HVO_RS05150	807
HVO_RS05155	16525
HVO_RS05160	6199
HVO_RS05165	58567
HVO_RS05170	9827
HVO_RS05175	28010
HVO_RS05180	2930
HVO_RS05185	16489
HVO_RS05190	9542
HVO_RS05195	8856
HVO_RS05200	75706
HVO_RS05205	6259
HVO_RS05210	40336
HVO_RS05215	3127
HVO_RS05220	27286
HVO_RS05225	15628
HVO_RS05230	7505
HVO_RS05235	28050
HVO_RS05240	3235
HVO_RS05245	3149
HVO_RS05250	44581
HVO_RS05255	31646
HVO_RS05260	278762
HVO_RS05265	7585
HVO_RS05270	32933
HVO_RS05275	87045
HVO_RS05280	4921
HVO_RS05285	3677
HVO_RS05290	92548
HVO_RS05295	6929
HVO_RS05300	482
HVO_RS05305	22780
HVO_RS05310	10033
HVO_RS05315	13279
HVO_RS05320	2713
HVO_RS05325	1097
HVO_RS05330	1296
HVO_RS05335	2239
HVO_RS05340	1483
HVO_RS05345	433296
HVO_RS05350	111907
HVO_RS05355	20058
HVO_RS05360	52557
HVO_RS05365	2870
HVO_RS05370	3040
HVO_RS05375	22546
HVO_RS05380	14983
HVO_RS05385	38623
HVO_RS05390	549
HVO_RS05395	201
HVO_RS05400	14763
HVO_RS05405	5469
HVO_RS05410	33459
HVO_RS05415	11252
HVO_RS05420	849
HVO_RS05425	2234
HVO_RS05430	298
HVO_RS05435	374
HVO_RS05440	652
HVO_RS05445	887
HVO_RS05450	311
HVO_RS05455	2472
HVO_RS05460	3582
HVO_RS05465	33586
HVO_RS05470	281
HVO_RS05475	13380
HVO_RS05480	2285
HVO_RS05485	2235
HVO_RS05490	22927
HVO_RS05495	13845
HVO_RS05500	43846
HVO_RS05505	9706
HVO_RS05510	7896
HVO_RS05515	8187
HVO_RS05520	96741
HVO_RS05525	836
HVO_RS05530	12470
HVO_RS05535	2693
HVO_RS05540	12951
HVO_RS05545	8714
HVO_RS05550	22963
HVO_RS05555	43885
HVO_RS05560	66153
HVO_RS05565	15065
HVO_RS05570	1429
HVO_RS05575	3161
HVO_RS05580	44968
HVO_RS05585	638
HVO_RS05590	3841
HVO_RS05595	1208
HVO_RS05600	41503
HVO_RS05605	84883
HVO_RS05610	10921
HVO_RS05615	3870
HVO_RS05620	9430
HVO_RS05625	19825
HVO_RS05630	22681
HVO_RS05635	3874
HVO_RS05640	12544
HVO_RS05645	105377
HVO_RS05650	9680
HVO_RS05655	88475
HVO_RS05660	15662
HVO_RS05665	5941
HVO_RS05670	20681
HVO_RS05675	1774
HVO_RS05680	2774
HVO_RS05685	1394
HVO_RS05690	53837
HVO_RS05695	19942
HVO_RS05700	867
HVO_RS05705	85213
HVO_RS05710	12868
HVO_RS05715	10880
HVO_RS05720	19288
HVO_RS05725	1455
HVO_RS05730	4238
HVO_RS05735	2384
HVO_RS05740	26593
HVO_RS05745	299368
HVO_RS05750	26736
HVO_RS05755	574
HVO_RS05760	1074
HVO_RS05765	1797
HVO_RS05770	7666
HVO_RS05775	66689
HVO_RS05780	24323
HVO_RS05785	2369
HVO_RS05790	3339
HVO_RS05795	1343
HVO_RS05800	281
HVO_RS05805	426
HVO_RS05810	237849
HVO_RS05815	13852
HVO_RS05820	27852
HVO_RS05825	2493
HVO_RS05830	18447
HVO_RS05835	2759
HVO_RS05840	17252
HVO_RS05845	15403
HVO_RS05850	12112
HVO_RS05855	7634
HVO_RS05860	31068
HVO_RS05865	3889
HVO_RS05870	81812
HVO_RS05875	38376
HVO_RS05880	29417
HVO_RS05885	11219
HVO_RS05890	6106
HVO_RS05895	7539
HVO_RS05900	21723
HVO_RS05905	3313
HVO_RS05910	606
HVO_RS05915	30758
HVO_RS05920	675
HVO_RS05925	1196
HVO_RS05930	5387
HVO_RS05935	392
HVO_RS05940	2496
HVO_RS05945	312
HVO_RS05950	7444
HVO_RS05955	980
HVO_RS05960	461
HVO_RS05965	1636
HVO_RS05975	225
HVO_RS05985	90
HVO_RS05990	1035
HVO_RS05995	1746
HVO_RS06000	32
HVO_RS06005	1
HVO_RS06010	23
HVO_RS06015	224
HVO_RS06020	54
HVO_RS06025	78
HVO_RS06030	101
HVO_RS06035	90
HVO_RS06040	12
HVO_RS06045	66
HVO_RS06050	11
HVO_RS06055	400
HVO_RS06060	2114
HVO_RS06065	6884
HVO_RS06070	42059
HVO_RS06075	4664
HVO_RS06080	1585
HVO_RS06085	2253
HVO_RS06090	47237
HVO_RS06095	5609
HVO_RS06100	35940
HVO_RS06105	106965
HVO_RS06110	150442
HVO_RS06115	1128
HVO_RS06120	2345
HVO_RS06125	460
HVO_RS06130	8843
HVO_RS06135	4679
HVO_RS06140	23381
HVO_RS06145	1449
HVO_RS06150	23246
HVO_RS06155	5488
HVO_RS06160	23982
HVO_RS06165	21400
HVO_RS06170	31600
HVO_RS06175	29933
HVO_RS06180	36048
HVO_RS06185	28809
HVO_RS06190	1207
HVO_RS06195	70018
HVO_RS06200	51279
HVO_RS06205	80845
HVO_RS06210	86175
HVO_RS06215	52808
HVO_RS06220	190780
HVO_RS06225	24438
HVO_RS06230	390752
HVO_RS06235	403156
HVO_RS06240	12154
HVO_RS06245	85601
HVO_RS06250	2904
HVO_RS06255	99512
HVO_RS06260	82118
HVO_RS06265	81674
HVO_RS06270	29507
HVO_RS06275	12470
HVO_RS06280	1874
HVO_RS06285	94150
HVO_RS06290	2737
HVO_RS06295	19176
HVO_RS06300	3075
HVO_RS06305	4
HVO_RS06310	16907
HVO_RS06315	3494
HVO_RS06320	14753
HVO_RS06325	28044
HVO_RS06330	16682
HVO_RS06335	16372
HVO_RS06340	1297
HVO_RS06345	393
HVO_RS06350	2591
HVO_RS06355	1124
HVO_RS06360	6467
HVO_RS06365	5828
HVO_RS06370	9485
HVO_RS06375	47071
HVO_RS06380	100115
HVO_RS06385	254097
HVO_RS06390	105966
HVO_RS06395	55877
HVO_RS06400	7323
HVO_RS06405	214577
HVO_RS06410	341336
HVO_RS06415	223
HVO_RS06420	1313633
HVO_RS06425	12546
HVO_RS06430	14196
HVO_RS06435	2094368
HVO_RS06440	338039
HVO_RS06445	7137
HVO_RS06450	4519
HVO_RS06455	332
HVO_RS06460	1
HVO_RS06465	85
HVO_RS06470	137
HVO_RS06475	751
HVO_RS06480	77
HVO_RS06485	40
HVO_RS06490	701
HVO_RS06495	80
HVO_RS06500	19
HVO_RS06505	64
HVO_RS06510	183
HVO_RS06515	222
HVO_RS06520	78
HVO_RS06525	1346
HVO_RS06530	4364
HVO_RS06535	5592
HVO_RS06540	343
HVO_RS06545	402
HVO_RS06550	19
HVO_RS06555	2258
HVO_RS06560	3649
HVO_RS06565	8566
HVO_RS06570	38778
HVO_RS06575	28896
HVO_RS06580	12152
HVO_RS06585	2343
HVO_RS06590	12493
HVO_RS06595	42169
HVO_RS06600	531
HVO_RS06605	3201
HVO_RS06610	11181
HVO_RS06615	15408
HVO_RS06620	12768
HVO_RS06625	22635
HVO_RS06630	47650
HVO_RS06635	32448
HVO_RS06640	13900
HVO_RS06645	64787
HVO_RS06655	31094
HVO_RS06660	13463
HVO_RS06665	5824
HVO_RS06670	3544
HVO_RS06675	1186
HVO_RS06680	6668
HVO_RS06685	2658
HVO_RS06690	12609
HVO_RS06695	65888
HVO_RS06700	7907
HVO_RS06705	9565
HVO_RS06710	1991
HVO_RS06715	52069
HVO_RS06720	113564
HVO_RS06725	31902
HVO_RS06730	6386
HVO_RS06735	70037
HVO_RS06740	2478
HVO_RS06745	459
HVO_RS06750	2063
HVO_RS06755	2015
HVO_RS06760	13781
HVO_RS06765	5320
HVO_RS06770	7228
HVO_RS06775	643
HVO_RS06780	9266
HVO_RS06785	2856
HVO_RS06790	1407
HVO_RS06795	3414
HVO_RS06800	45308
HVO_RS06805	50738
HVO_RS06810	43255
HVO_RS06815	1718
HVO_RS06820	3641
HVO_RS06825	11646
HVO_RS06830	2400
HVO_RS06835	6803
HVO_RS06840	17512
HVO_RS06845	22342
HVO_RS06850	83637
HVO_RS06855	26125
HVO_RS06860	16047
HVO_RS06865	13318
HVO_RS06870	2232
HVO_RS06875	109148
HVO_RS06880	7102
HVO_RS06885	78685
HVO_RS06890	280353
HVO_RS06895	21176
HVO_RS06900	39200
HVO_RS06905	39994
HVO_RS06910	2987
HVO_RS06915	13893
HVO_RS06920	1437
HVO_RS06925	6864
HVO_RS06930	33922
HVO_RS06935	3869
HVO_RS06940	45062
HVO_RS06945	4964
HVO_RS06950	62408
HVO_RS06955	11387
HVO_RS06960	6955
HVO_RS06965	6657
HVO_RS06970	5602
HVO_RS06975	1740
HVO_RS06980	998
HVO_RS06985	452
HVO_RS06990	10513
HVO_RS06995	2709
HVO_RS07000	17501
HVO_RS07005	17631
HVO_RS07010	8346
HVO_RS07015	8748
HVO_RS07020	1334
HVO_RS07025	19084
HVO_RS07030	254077
HVO_RS07035	104526
HVO_RS07040	4388
HVO_RS07045	177264
HVO_RS07050	4298
HVO_RS07055	5347
HVO_RS07060	266
HVO_RS07065	286617
HVO_RS07070	89786
HVO_RS07075	51984
HVO_RS07080	5457
HVO_RS07085	89929
HVO_RS07090	11935
HVO_RS07095	1699
HVO_RS07100	4510
HVO_RS07105	741553
HVO_RS07110	84432
HVO_RS07115	2268
HVO_RS07120	6404
HVO_RS07125	1954
HVO_RS07130	218
HVO_RS07135	4012
HVO_RS07140	306
HVO_RS07145	582
HVO_RS07150	9057
HVO_RS07155	3826
HVO_RS07160	28739
HVO_RS07165	4295
HVO_RS07170	2246
HVO_RS07175	26479
HVO_RS07180	442
HVO_RS07185	1188
HVO_RS07190	3763
HVO_RS07195	587
HVO_RS07200	1317
HVO_RS07205	10159
HVO_RS07210	2990
HVO_RS07215	64674
HVO_RS07220	9657
HVO_RS07225	7247
HVO_RS07230	16849
HVO_RS07235	1549
HVO_RS07240	6574
HVO_RS07245	681
HVO_RS07250	707
HVO_RS07260	228031
HVO_RS07265	62439
HVO_RS07270	37290
HVO_RS07275	66113
HVO_RS07280	11365
HVO_RS07285	67398
HVO_RS07290	3550
HVO_RS07295	18261
HVO_RS07300	3679
HVO_RS07305	128528
HVO_RS07310	3582
HVO_RS07315	5687
HVO_RS07320	13390
HVO_RS07325	14668
HVO_RS07330	11572
HVO_RS07335	4178
HVO_RS07340	13994
HVO_RS07345	1624
HVO_RS07350	25030
HVO_RS07355	14949
HVO_RS07360	820
HVO_RS07365	4053
HVO_RS07370	2702
HVO_RS07375	3327
HVO_RS07380	5111
HVO_RS07385	5653
HVO_RS07390	1798
HVO_RS07395	401631
HVO_RS07400	2931
HVO_RS07405	1443
HVO_RS07410	2535
HVO_RS07415	1861
HVO_RS07420	1169
HVO_RS07425	2029
HVO_RS07430	23282
HVO_RS07435	28060
HVO_RS07440	18573
HVO_RS07445	2234
HVO_RS07450	6506
HVO_RS07455	35683
HVO_RS07460	11078
HVO_RS07465	1372
HVO_RS07470	4339
HVO_RS07475	3020
HVO_RS07480	772
HVO_RS07485	11498
HVO_RS07490	21509
HVO_RS07495	903018
HVO_RS07500	248273
HVO_RS07505	22992
HVO_RS07510	701
HVO_RS07515	9371
HVO_RS07520	14872
HVO_RS07525	8659
HVO_RS07530	3860
HVO_RS07535	8851
HVO_RS07540	9113
HVO_RS07545	7361
HVO_RS07550	6877
HVO_RS07555	3102
HVO_RS07560	24794
HVO_RS07565	5945
HVO_RS07570	8859
HVO_RS07575	3847
HVO_RS07580	2343
HVO_RS07585	4561
HVO_RS07590	6513
HVO_RS07595	13653
HVO_RS07600	1211
HVO_RS07605	609
HVO_RS07610	6608
HVO_RS07615	2836
HVO_RS07620	5332
HVO_RS07625	2516
HVO_RS07630	962
HVO_RS07635	1250
HVO_RS07640	1575
HVO_RS07645	4986
HVO_RS07650	2842
HVO_RS07655	1613
HVO_RS07660	115
HVO_RS07665	598
HVO_RS07670	476
HVO_RS07675	375
HVO_RS07680	1417
HVO_RS07685	2368
HVO_RS07690	11534
HVO_RS07695	1217
HVO_RS07700	1220
HVO_RS07705	5343
HVO_RS07710	1910
HVO_RS07715	3301
HVO_RS07720	22733
HVO_RS07725	205266
HVO_RS07730	14955
HVO_RS07735	8567
HVO_RS07740	3399
HVO_RS07745	13636
HVO_RS07750	13602
HVO_RS07755	38671
HVO_RS07760	3813
HVO_RS07765	1064
HVO_RS07770	4702
HVO_RS07775	1424
HVO_RS07780	6052
HVO_RS07785	9599
HVO_RS07790	3361
HVO_RS07795	6047
HVO_RS07800	4970
HVO_RS07805	8143
HVO_RS07810	3286
HVO_RS07815	21161
HVO_RS07820	13885
HVO_RS07825	66679
HVO_RS07830	61855
HVO_RS07835	2026
HVO_RS07840	927
HVO_RS07845	32697
HVO_RS07850	21224
HVO_RS07855	17128
HVO_RS07860	2061
HVO_RS07865	16973
HVO_RS07870	3133
HVO_RS07875	2984
HVO_RS07880	2052
HVO_RS07885	2092
HVO_RS07890	995
HVO_RS07895	1735
HVO_RS07900	5818
HVO_RS07905	1621
HVO_RS07910	3164
HVO_RS07915	5450
HVO_RS07920	7214
HVO_RS07925	5081
HVO_RS07930	334
HVO_RS07935	2767
HVO_RS07940	15462
HVO_RS07945	74651
HVO_RS07950	2071
HVO_RS07955	468346
HVO_RS07965	493
HVO_RS07970	31853
HVO_RS07975	27100
HVO_RS07980	7457
HVO_RS07985	2363
HVO_RS07990	56064
HVO_RS07995	1009
HVO_RS08000	255
HVO_RS08005	12820
HVO_RS08010	34468
HVO_RS08015	99639
HVO_RS08020	19763
HVO_RS08025	7022
HVO_RS08030	16867
HVO_RS08035	4369
HVO_RS08040	70491
HVO_RS08045	2137
HVO_RS08050	54508
HVO_RS08055	4377
HVO_RS08060	217153
HVO_RS08065	3342
HVO_RS08070	122296
HVO_RS08075	32914
HVO_RS08080	14179
HVO_RS08085	5409
HVO_RS08090	2699
HVO_RS08095	202678
HVO_RS08100	12616
HVO_RS08105	6575
HVO_RS08110	5442
HVO_RS08115	9635
HVO_RS08120	18626
HVO_RS08125	4376
HVO_RS08130	5636
HVO_RS08135	9092
HVO_RS08140	6936
HVO_RS08145	116530
HVO_RS08150	4928
HVO_RS08155	20648
HVO_RS08160	17388
HVO_RS08165	57426
HVO_RS08170	2964
HVO_RS08175	1861
HVO_RS08180	12100
HVO_RS08185	49673
HVO_RS08190	4190
HVO_RS08195	7092
HVO_RS08200	35793
HVO_RS08205	246893
HVO_RS08210	13418
HVO_RS08215	6758
HVO_RS08220	45442
HVO_RS08225	22286
HVO_RS08230	20958
HVO_RS08235	5467
HVO_RS08240	31157
HVO_RS08245	37328
HVO_RS08250	4942
HVO_RS08255	21825
HVO_RS08260	13847
HVO_RS08265	24683
HVO_RS08270	980
HVO_RS08275	1405
HVO_RS08280	126
HVO_RS08285	83
HVO_RS08290	219
HVO_RS08295	210
HVO_RS08300	137
HVO_RS08305	22
HVO_RS08310	101
HVO_RS08315	4189
HVO_RS08320	5451
HVO_RS08325	7565
HVO_RS08330	10045
HVO_RS08335	9070
HVO_RS08340	3248
HVO_RS08345	6985
HVO_RS08350	2089
HVO_RS08355	15667
HVO_RS08360	675825
HVO_RS08365	33181
HVO_RS08370	6856
HVO_RS08375	8110
HVO_RS08380	60199
HVO_RS08385	275288
HVO_RS08390	17287
HVO_RS08395	1570
HVO_RS08400	549
HVO_RS08405	102748
HVO_RS08410	44764
HVO_RS08415	8828
HVO_RS08420	496
HVO_RS08425	802
HVO_RS08430	101341
HVO_RS08435	4289
HVO_RS08440	10224
HVO_RS08445	10864
HVO_RS08450	62801
HVO_RS08455	245308
HVO_RS08460	3846
HVO_RS08465	2158
HVO_RS08470	2293
HVO_RS08475	2246
HVO_RS08480	2313
HVO_RS08485	8166
HVO_RS08490	3929
HVO_RS08495	2795
HVO_RS08500	51552
HVO_RS08505	13143
HVO_RS08510	16389
HVO_RS08515	68831
HVO_RS08520	4199
HVO_RS08525	10079
HVO_RS08530	40948
HVO_RS08535	6458
HVO_RS08540	30564
HVO_RS08545	92436
HVO_RS08550	10064
HVO_RS08555	18500
HVO_RS08560	27117
HVO_RS08565	110025
HVO_RS08570	9290
HVO_RS08575	22363
HVO_RS08580	109052
HVO_RS08585	4808
HVO_RS08590	4213
HVO_RS08595	29878
HVO_RS08600	2064
HVO_RS08605	2392
HVO_RS08610	22476
HVO_RS08615	2536
HVO_RS08620	27022
HVO_RS08625	16966
HVO_RS08630	55011
HVO_RS08635	19847
HVO_RS08640	2296
HVO_RS08645	4311
HVO_RS08650	11750
HVO_RS08655	29622
HVO_RS08660	40651
HVO_RS08665	21626
HVO_RS08670	8358
HVO_RS08675	7614
HVO_RS08680	12797
HVO_RS08685	8157
HVO_RS08690	19930
HVO_RS08695	14237
HVO_RS08700	2590
HVO_RS08705	14517
HVO_RS08710	54052
HVO_RS08715	25450
HVO_RS08720	11358
HVO_RS08725	25338
HVO_RS08730	2526
HVO_RS08735	145128
HVO_RS08740	99368
HVO_RS08745	48163
HVO_RS08750	119924
HVO_RS08755	58941
HVO_RS08760	9337
HVO_RS08765	10828
HVO_RS08770	176478
HVO_RS08775	3317
HVO_RS08780	143
HVO_RS08785	20947
HVO_RS08790	43354
HVO_RS08795	3647
HVO_RS08800	10467
HVO_RS08805	1453
HVO_RS08810	68610
HVO_RS08815	340618
HVO_RS08820	452976
HVO_RS08825	362312
HVO_RS08830	35231
HVO_RS08835	21863
HVO_RS08840	424
HVO_RS08845	16032
HVO_RS08850	44516
HVO_RS08855	954
HVO_RS08860	28742
HVO_RS08865	15362
HVO_RS08870	27633
HVO_RS08875	50670
HVO_RS08880	559
HVO_RS08885	2317
HVO_RS08890	47009
HVO_RS08895	751
HVO_RS08900	6342
HVO_RS08905	981
HVO_RS08910	7482
HVO_RS08915	10007
HVO_RS08920	1045728
HVO_RS08925	7643
HVO_RS08930	21149
HVO_RS08935	6822
HVO_RS08940	19625
HVO_RS08945	575
HVO_RS08950	182372
HVO_RS08955	238308
HVO_RS08960	22550
HVO_RS08965	6910
HVO_RS08970	7087
HVO_RS08975	21890
HVO_RS08980	15922
HVO_RS08985	40121
HVO_RS08990	545
HVO_RS08995	4440
HVO_RS09000	1269
HVO_RS09005	1807
HVO_RS09010	415
HVO_RS09015	1894
HVO_RS09020	533
HVO_RS09025	757
HVO_RS09030	874
HVO_RS09035	3201
HVO_RS09040	4378
HVO_RS09045	85425
HVO_RS09050	25693
HVO_RS09055	5014
HVO_RS09060	559
HVO_RS09065	99483
HVO_RS09070	5335
HVO_RS09075	8466
HVO_RS09080	52055
HVO_RS09085	11994
HVO_RS09090	10842
HVO_RS09095	1834
HVO_RS09100	8143
HVO_RS09105	9177
HVO_RS09110	1289
HVO_RS09115	150
HVO_RS09120	397
HVO_RS09125	312
HVO_RS09130	191
HVO_RS09140	3324
HVO_RS09145	12739
HVO_RS09150	27886
HVO_RS09155	1546
HVO_RS09160	599
HVO_RS09165	4207
HVO_RS09170	34514
HVO_RS09175	4048
HVO_RS09180	530
HVO_RS09185	5769
HVO_RS09190	9243
HVO_RS09195	10164
HVO_RS09200	85949
HVO_RS09205	36277
HVO_RS09210	11970
HVO_RS09215	36357
HVO_RS09220	70613
HVO_RS09225	115533
HVO_RS09230	9708
HVO_RS09235	43943
HVO_RS09240	31125
HVO_RS09245	3213
HVO_RS09250	27530
HVO_RS09255	2606
HVO_RS09260	5812
HVO_RS09265	11691
HVO_RS09270	2265
HVO_RS09275	412
HVO_RS09280	621
HVO_RS09285	2779
HVO_RS09290	1102
HVO_RS09295	4736
HVO_RS09300	2072
HVO_RS09305	10097
HVO_RS09310	6207
HVO_RS09315	4889
HVO_RS09320	66120
HVO_RS09325	18552
HVO_RS09330	2944
HVO_RS09335	1614
HVO_RS09340	5644
HVO_RS09345	12356
HVO_RS09350	11385
HVO_RS09355	141315
HVO_RS09360	91356
HVO_RS09365	11388
HVO_RS09370	5141
HVO_RS09375	14126
HVO_RS09380	9466
HVO_RS09385	114744
HVO_RS09390	79768
HVO_RS09395	250661
HVO_RS09400	90210
HVO_RS09405	81833
HVO_RS09410	12606
HVO_RS09415	11857
HVO_RS09420	4258
HVO_RS09425	147827
HVO_RS09430	99610
HVO_RS09435	124929
HVO_RS09440	305
HVO_RS09445	25471
HVO_RS09450	23367
HVO_RS09455	5343
HVO_RS09460	4154
HVO_RS09465	7721
HVO_RS09470	8735
HVO_RS09475	11690
HVO_RS09480	2108
HVO_RS09485	63968
HVO_RS09490	162408
HVO_RS09495	401
HVO_RS09500	213
HVO_RS09505	2450
HVO_RS09510	19552
HVO_RS09515	6402
HVO_RS09520	12069
HVO_RS09525	5643
HVO_RS09530	1528
HVO_RS09535	177
HVO_RS09540	25430
HVO_RS09545	1188
HVO_RS09550	634
HVO_RS09555	4436
HVO_RS09560	31447
HVO_RS09565	23113
HVO_RS09570	6769
HVO_RS09575	13135
HVO_RS09580	4539
HVO_RS09585	83888
HVO_RS09590	1171
HVO_RS09595	121198
HVO_RS09600	3677
HVO_RS09605	8913
HVO_RS09610	13010
HVO_RS09615	4642
HVO_RS09620	19230
HVO_RS09625	5405
HVO_RS09630	35280
HVO_RS09635	4519
HVO_RS09640	8971
HVO_RS09645	10509
HVO_RS09650	32526
HVO_RS09655	2759
HVO_RS09660	5886
HVO_RS09665	10591
HVO_RS09670	4737
HVO_RS09675	2776
HVO_RS09680	33786
HVO_RS09685	16454
HVO_RS09690	1995
HVO_RS09695	30032
HVO_RS09700	3893
HVO_RS09705	9602
HVO_RS09710	4991
HVO_RS09715	14892
HVO_RS09720	3371
HVO_RS09725	23884
HVO_RS09730	33269
HVO_RS09735	28286
HVO_RS09740	2232
HVO_RS09745	5954
HVO_RS09750	8934
HVO_RS09755	42494
HVO_RS09760	15124
HVO_RS09765	7530
HVO_RS09770	16346
HVO_RS09775	47025
HVO_RS09780	14255
HVO_RS09785	2257
HVO_RS09790	11530
HVO_RS09795	18384
HVO_RS09800	4751
HVO_RS09805	1983
HVO_RS09810	11692
HVO_RS09815	13311
HVO_RS09820	1416
HVO_RS09825	1513
HVO_RS09830	32549
HVO_RS09835	7987
HVO_RS09840	22442
HVO_RS09845	68797
HVO_RS09850	19211
HVO_RS09855	8938
HVO_RS09860	2135
HVO_RS09865	42947
HVO_RS09870	5441
HVO_RS09875	2748
HVO_RS09880	30489
HVO_RS09885	137125
HVO_RS09890	15600
HVO_RS09895	23860
HVO_RS09900	28877
HVO_RS09905	8629
HVO_RS09910	16437
HVO_RS09915	1377
HVO_RS09920	90978
HVO_RS09925	76437
HVO_RS09930	4444
HVO_RS09935	47254
HVO_RS09940	93345
HVO_RS09945	4434
HVO_RS09950	6113
HVO_RS09955	7933
HVO_RS09960	13574
HVO_RS09965	3682
HVO_RS09970	2087
HVO_RS09975	5037
HVO_RS09980	3319
HVO_RS09985	2318
HVO_RS09990	8133
HVO_RS09995	3880
HVO_RS10000	7488
HVO_RS10005	8995
HVO_RS10010	101
HVO_RS10020	3235
HVO_RS10025	1121
HVO_RS10030	3690
HVO_RS10035	51532
HVO_RS10040	3807
HVO_RS10045	5620
HVO_RS10050	3703
HVO_RS10055	813
HVO_RS10060	19452
HVO_RS10065	35992
HVO_RS10070	162915
HVO_RS10075	26977
HVO_RS10080	58220
HVO_RS10085	125547
HVO_RS10090	13202
HVO_RS10095	26519
HVO_RS10100	3397
HVO_RS10105	36595
HVO_RS10110	5191
HVO_RS10115	798
HVO_RS10120	11025
HVO_RS10125	10810
HVO_RS10130	66573
HVO_RS10135	20902
HVO_RS10140	77213
HVO_RS10145	259337
HVO_RS10150	81475
HVO_RS10155	8995
HVO_RS10160	566
HVO_RS10165	5182
HVO_RS10170	80751
HVO_RS10175	60967
HVO_RS10180	20059
HVO_RS10185	2975
HVO_RS10190	3029
HVO_RS10195	10302
HVO_RS10200	15733
HVO_RS10205	102536
HVO_RS10210	16436
HVO_RS10215	76982
HVO_RS10220	270311
HVO_RS10225	31073
HVO_RS10230	165634
HVO_RS10235	365581
HVO_RS10240	12191
HVO_RS10245	1181
HVO_RS10250	267
HVO_RS10255	758
HVO_RS10260	386
HVO_RS10265	273
HVO_RS10270	2444
HVO_RS10275	7284
HVO_RS10280	2237
HVO_RS10285	113272
HVO_RS10290	2687
HVO_RS10295	40558
HVO_RS10300	43150
HVO_RS10305	8001
HVO_RS10310	2500
HVO_RS10315	19604
HVO_RS10320	12114
HVO_RS10325	58013
HVO_RS10330	14807
HVO_RS10335	19856
HVO_RS10340	12335
HVO_RS10345	27638
HVO_RS10350	5772
HVO_RS10355	15512
HVO_RS10360	6002
HVO_RS10365	13038
HVO_RS10370	1589
HVO_RS10375	14444
HVO_RS10380	1765
HVO_RS10385	2766
HVO_RS10390	8892
HVO_RS10395	16501
HVO_RS10400	72453
HVO_RS10405	42351
HVO_RS10410	6012
HVO_RS10415	262646
HVO_RS10420	8920
HVO_RS10425	36441
HVO_RS10430	772
HVO_RS10435	254
HVO_RS10440	308
HVO_RS10445	1449
HVO_RS10450	735
HVO_RS10455	66955
HVO_RS10460	55446
HVO_RS10465	35774
HVO_RS10470	11443
HVO_RS10475	4545
HVO_RS10480	1341
HVO_RS10485	4594
HVO_RS10490	440
HVO_RS10495	2240
HVO_RS10500	2146
HVO_RS10505	29795
HVO_RS10510	1114
HVO_RS10515	7832
HVO_RS10520	10438
HVO_RS10525	9550
HVO_RS10530	1996
HVO_RS10535	374
HVO_RS10540	205
HVO_RS10545	274
HVO_RS10550	2188
HVO_RS10555	1346
HVO_RS10560	1660
HVO_RS10565	291
HVO_RS10570	903
HVO_RS10575	1042
HVO_RS10580	5180
HVO_RS10585	1386
HVO_RS10590	3477
HVO_RS10595	155
HVO_RS10600	6058
HVO_RS10605	209121
HVO_RS10610	1475
HVO_RS10615	1705
HVO_RS10620	1918
HVO_RS10625	869
HVO_RS10630	5347
HVO_RS10635	3438
HVO_RS10640	2503
HVO_RS10645	632
HVO_RS10650	8494
HVO_RS10655	2967
HVO_RS10660	7393
HVO_RS10665	18446
HVO_RS10670	25821
HVO_RS10675	25681
HVO_RS10680	4225
HVO_RS10685	6071
HVO_RS10690	29367
HVO_RS10695	9481
HVO_RS10700	8600
HVO_RS10705	45519
HVO_RS10710	50480
HVO_RS10715	5177
HVO_RS10720	3269
HVO_RS10725	8608
HVO_RS10730	3414
HVO_RS10735	1780
HVO_RS10740	2570
HVO_RS10745	5117
HVO_RS10750	3593
HVO_RS10755	4695
HVO_RS10760	3221
HVO_RS10765	1160
HVO_RS10770	1484
HVO_RS10775	4580
HVO_RS10780	5990
HVO_RS10785	7958
HVO_RS10790	26959
HVO_RS10795	1252
HVO_RS10800	47013
HVO_RS10805	9771
HVO_RS10810	181407
HVO_RS10815	37055
HVO_RS10820	42198
HVO_RS10825	46399
HVO_RS10830	74858
HVO_RS10835	4047
HVO_RS10840	7839
HVO_RS10845	3394
HVO_RS10850	6299
HVO_RS10855	1647
HVO_RS10860	4126
HVO_RS10865	4377
HVO_RS10870	13511
HVO_RS10875	28969
HVO_RS10880	124
HVO_RS10885	10671
HVO_RS10890	34665
HVO_RS10895	90458
HVO_RS10900	61326
HVO_RS10905	22684
HVO_RS10910	770
HVO_RS10915	11093
HVO_RS10920	26811
HVO_RS10925	11292
HVO_RS10930	1706
HVO_RS10935	3786
HVO_RS10940	368
HVO_RS10945	2267
HVO_RS10960	13856
HVO_RS10965	21181
HVO_RS10970	11353
HVO_RS10975	9041
HVO_RS10980	263059
HVO_RS10985	528954
HVO_RS10990	10748
HVO_RS10995	2634
HVO_RS11000	792
HVO_RS11005	13126
HVO_RS11010	40571
HVO_RS11015	70952
HVO_RS11020	21612
HVO_RS11025	6321
HVO_RS11030	6693
HVO_RS11035	8861
HVO_RS11040	1844
HVO_RS11050	7755
HVO_RS11055	410
HVO_RS11060	2359
HVO_RS11065	4087
HVO_RS11070	6340
HVO_RS11075	4902
HVO_RS11080	1601
HVO_RS11090	25759
HVO_RS11095	1517
HVO_RS11100	543
HVO_RS11105	1549
HVO_RS11110	9706
HVO_RS11115	4028
HVO_RS11120	16038
HVO_RS11125	1252
HVO_RS11130	1439
HVO_RS11135	15782
HVO_RS11140	62332
HVO_RS11145	40596
HVO_RS11150	3513
HVO_RS11155	8463
HVO_RS11160	4572
HVO_RS11165	12161
HVO_RS11170	4742
HVO_RS11175	58034
HVO_RS11180	5734
HVO_RS11185	67519
HVO_RS11190	9257
HVO_RS11195	7766
HVO_RS11200	1849
HVO_RS11205	15730
HVO_RS11210	33841
HVO_RS11215	1676
HVO_RS11220	10762
HVO_RS11225	12479
HVO_RS11230	2021
HVO_RS11235	19213
HVO_RS11240	48921
HVO_RS11245	13762
HVO_RS11250	15690
HVO_RS11255	18616
HVO_RS11260	810
HVO_RS11265	340
HVO_RS11270	109
HVO_RS11275	976
HVO_RS11280	113
HVO_RS11285	700
HVO_RS11290	19895
HVO_RS11295	19561
HVO_RS11300	53633
HVO_RS11305	12188
HVO_RS11310	13123
HVO_RS11315	16637
HVO_RS11320	15957
HVO_RS11325	26883
HVO_RS11330	2516
HVO_RS11335	9495
HVO_RS11340	9836
HVO_RS11350	23065
HVO_RS11355	5885
HVO_RS11360	23380
HVO_RS11365	28470
HVO_RS11370	7990
HVO_RS11375	20057
HVO_RS11380	886
HVO_RS11385	11578
HVO_RS11390	10882
HVO_RS11395	23459
HVO_RS11400	24396
HVO_RS11405	38386
HVO_RS11410	2531
HVO_RS11415	16168
HVO_RS11420	54281
HVO_RS11425	13092
HVO_RS11430	21156
HVO_RS11435	67831
HVO_RS11440	9122
HVO_RS11445	10282
HVO_RS11450	42215
HVO_RS11455	201974
HVO_RS11460	57831
HVO_RS11465	8972
HVO_RS11470	2070
HVO_RS11475	4513
HVO_RS11480	2495
HVO_RS11485	15963
HVO_RS11490	539
HVO_RS11495	1293
HVO_RS11500	881
HVO_RS11505	1309
HVO_RS11510	35997
HVO_RS11515	12136
HVO_RS11520	9431
HVO_RS11525	6837
HVO_RS11530	8359
HVO_RS11540	2703
HVO_RS11545	1964
HVO_RS11555	2177
HVO_RS11560	4779
HVO_RS11565	1966
HVO_RS11575	3275
HVO_RS11580	494
HVO_RS11585	37
HVO_RS11590	83
HVO_RS11595	164
HVO_RS11600	4753
HVO_RS11605	1992
HVO_RS11610	5104
HVO_RS11615	1544
HVO_RS11625	4588
HVO_RS11630	10632
HVO_RS11635	80831
HVO_RS11640	5709
HVO_RS11645	41891
HVO_RS11650	43539
HVO_RS11655	1877
HVO_RS11660	2337
HVO_RS11665	2560
HVO_RS11670	48086
HVO_RS11675	15156
HVO_RS11680	6153
HVO_RS11685	14201
HVO_RS11690	618
HVO_RS11695	2771
HVO_RS11700	13723
HVO_RS11705	86370
HVO_RS11710	18699
HVO_RS11715	21834
HVO_RS11720	19998
HVO_RS11725	13463
HVO_RS11730	4946
HVO_RS11735	17056
HVO_RS11740	25418
HVO_RS11745	2061
HVO_RS11750	2697
HVO_RS11755	4015
HVO_RS11760	7862
HVO_RS11765	10287
HVO_RS11770	18500
HVO_RS11775	1570
HVO_RS11780	2144
HVO_RS11785	8437
HVO_RS11790	19253
HVO_RS11795	27732
HVO_RS11800	14009
HVO_RS11805	12651
HVO_RS11810	26659
HVO_RS11815	7075
HVO_RS11820	2399
HVO_RS11825	299
HVO_RS11830	4117
HVO_RS11835	88761
HVO_RS11840	6964
HVO_RS11845	911
HVO_RS11850	172672
HVO_RS11855	59044
HVO_RS11860	1887
HVO_RS11865	3712
HVO_RS11870	5169
HVO_RS11875	1292
HVO_RS11880	2054
HVO_RS11885	402693
HVO_RS11890	289
HVO_RS11895	351
HVO_RS11900	13175
HVO_RS11905	10888
HVO_RS11910	34173
HVO_RS11915	15606
HVO_RS11920	28441
HVO_RS11925	616
HVO_RS11930	2798
HVO_RS11935	19414
HVO_RS11940	3580
HVO_RS11945	3529
HVO_RS11950	12544
HVO_RS11955	7878
HVO_RS11960	18938
HVO_RS11965	583
HVO_RS11970	11772
HVO_RS11975	4711
HVO_RS11980	22355
HVO_RS11985	10839
HVO_RS11990	1682
HVO_RS11995	4551
HVO_RS12000	1847
HVO_RS12005	4430
HVO_RS12010	8327
HVO_RS12015	10596
HVO_RS12020	1430
HVO_RS12025	135
HVO_RS12030	508
HVO_RS12035	23173
HVO_RS12040	15302
HVO_RS12045	16367
HVO_RS12050	73062
HVO_RS12055	18070
HVO_RS12060	10891
HVO_RS12065	2801
HVO_RS12070	2181
HVO_RS12075	10335
HVO_RS12080	6854
HVO_RS12085	4961
HVO_RS12090	1573
HVO_RS12095	8356
HVO_RS12100	93788
HVO_RS12105	17928
HVO_RS12110	15791
HVO_RS12115	15791
HVO_RS12120	32641
HVO_RS12125	90938
HVO_RS12130	183065
HVO_RS12135	3214
HVO_RS12140	4139
HVO_RS12145	4322
HVO_RS12150	1816
HVO_RS12155	7334
HVO_RS12160	3727
HVO_RS12165	11629
HVO_RS12170	2163
HVO_RS12175	18194
HVO_RS12180	10912
HVO_RS12185	8247
HVO_RS12190	15135
HVO_RS12195	99346
HVO_RS12200	112012
HVO_RS12205	21564
HVO_RS12210	10511
HVO_RS12215	12933
HVO_RS12220	5139
HVO_RS12225	3652
HVO_RS12230	9716
HVO_RS12235	3062
HVO_RS12240	28609
HVO_RS12245	64115
HVO_RS12250	124184
HVO_RS12255	124753
HVO_RS12260	15321
HVO_RS12265	15387
HVO_RS12270	20345
HVO_RS12275	17541
HVO_RS12280	17800
HVO_RS12285	99633
HVO_RS12290	23078
HVO_RS12295	6979
HVO_RS12300	4526
HVO_RS12305	1519
HVO_RS12310	3544
HVO_RS12315	8163
HVO_RS12320	21224
HVO_RS12325	1275
HVO_RS12330	8402
HVO_RS12335	7169
HVO_RS12340	35087
HVO_RS12345	459055
HVO_RS12350	7433
HVO_RS12355	41469
HVO_RS12360	22860
HVO_RS12365	26830
HVO_RS12370	17211
HVO_RS12375	28095
HVO_RS12380	9840
HVO_RS12385	20999
HVO_RS12390	4173
HVO_RS12395	13346
HVO_RS12400	8891
HVO_RS12405	26027
HVO_RS12410	11674
HVO_RS12415	54884
HVO_RS12420	4930
HVO_RS12425	27491
HVO_RS12430	8754
HVO_RS12435	15163
HVO_RS12440	52863
HVO_RS12445	9225
HVO_RS12450	7262
HVO_RS12455	14944
HVO_RS12460	2776
HVO_RS12465	6239
HVO_RS12470	4144
HVO_RS12475	2122
HVO_RS12480	2354
HVO_RS12485	1196
HVO_RS12490	716
HVO_RS12495	2630
HVO_RS12500	26945
HVO_RS12505	21294
HVO_RS12510	41207
HVO_RS12515	1164
HVO_RS12520	14565
HVO_RS12525	2071
HVO_RS12530	44384
HVO_RS12535	995
HVO_RS12540	33759
HVO_RS12545	3239
HVO_RS12550	3804
HVO_RS12555	6997
HVO_RS12560	699242
HVO_RS12565	220
HVO_RS12570	42
HVO_RS12575	312
HVO_RS12580	20
HVO_RS12585	128
HVO_RS12590	758
HVO_RS12595	47
HVO_RS12600	208
HVO_RS12605	1488
HVO_RS12610	1993
HVO_RS12615	1674
HVO_RS12620	3203
HVO_RS12625	56348
HVO_RS12630	21598
HVO_RS12635	59958
HVO_RS12640	6489
HVO_RS12645	12340
HVO_RS12650	17860
HVO_RS12655	13446
HVO_RS12660	11886
HVO_RS12665	13522
HVO_RS12670	7612
HVO_RS12675	5251
HVO_RS12680	15395
HVO_RS12685	2230
HVO_RS12695	865
HVO_RS12700	5485
HVO_RS12705	1264
HVO_RS12710	28836
HVO_RS12715	17509
HVO_RS12720	10590
HVO_RS12725	11133
HVO_RS12730	11651
HVO_RS12735	476
HVO_RS12740	3246
HVO_RS12745	24533
HVO_RS12750	4723
HVO_RS12755	17308
HVO_RS12760	6932
HVO_RS12765	9112
HVO_RS12770	233093
HVO_RS12775	22579
HVO_RS12780	18138
HVO_RS12785	1318
HVO_RS12790	6747
HVO_RS12795	125332
HVO_RS12800	10834
HVO_RS12805	4587
HVO_RS12810	565
HVO_RS12815	10450
HVO_RS12820	1217
HVO_RS12825	70387
HVO_RS12830	39346
HVO_RS12835	54109
HVO_RS12840	17714
HVO_RS12845	27248
HVO_RS12850	9874
HVO_RS12855	9342
HVO_RS12860	31283
HVO_RS12865	8961
HVO_RS12870	10621
HVO_RS12875	12105
HVO_RS12880	1155
HVO_RS12885	759
HVO_RS12890	29980
HVO_RS12895	21589
HVO_RS12900	150410
HVO_RS12905	48883
HVO_RS12910	16008
HVO_RS12915	16477
HVO_RS12920	317165
HVO_RS12925	33893
HVO_RS12930	54316
HVO_RS12935	5980
HVO_RS12940	3227
HVO_RS12945	2595
HVO_RS12950	1671
HVO_RS12955	2909
HVO_RS12960	3814
HVO_RS12965	6131
HVO_RS12970	7157
HVO_RS12975	3449
HVO_RS12980	382
HVO_RS12985	396
HVO_RS12990	63890
HVO_RS12995	2372
HVO_RS13000	16111
HVO_RS13005	11354
HVO_RS13010	113720
HVO_RS13015	824
HVO_RS13020	97
HVO_RS13025	213
HVO_RS13030	19
HVO_RS13035	5073
HVO_RS13040	45831
HVO_RS13045	19683
HVO_RS13055	29001
HVO_RS13060	23806
HVO_RS13065	3232
HVO_RS13070	6571
HVO_RS13075	14757
HVO_RS13080	24449
HVO_RS13085	6407
HVO_RS13090	5563
HVO_RS13095	15451
HVO_RS13100	122975
HVO_RS13105	4961
HVO_RS13110	161
HVO_RS13115	28837
HVO_RS13120	1935
HVO_RS13125	36415
HVO_RS13130	5464
HVO_RS13135	1812
HVO_RS13140	9440
HVO_RS13145	12317
HVO_RS13150	84812
HVO_RS13155	214653
HVO_RS13160	72827
HVO_RS13165	39759
HVO_RS13170	44999
HVO_RS13175	9160
HVO_RS13180	20914
HVO_RS13185	9992
HVO_RS13190	21640
HVO_RS13195	636
HVO_RS13200	286
HVO_RS13205	428
HVO_RS13210	401
HVO_RS13215	13
HVO_RS13220	863
HVO_RS13225	270
HVO_RS13230	317
HVO_RS13235	583
HVO_RS13240	535
HVO_RS13245	447
HVO_RS13250	88647
HVO_RS13255	5564
HVO_RS13265	1878
HVO_RS13270	952
HVO_RS13275	13976
HVO_RS13280	4971
HVO_RS13285	1931
HVO_RS13290	23220
HVO_RS13295	4452
HVO_RS13300	25247
HVO_RS13305	7571
HVO_RS13310	6166
HVO_RS13330	8803
HVO_RS13340	7541
HVO_RS13345	22340
HVO_RS13350	11947
HVO_RS13355	37537
HVO_RS13360	12459
HVO_RS13365	709
HVO_RS13370	5089
HVO_RS13375	805
HVO_RS13380	17485
HVO_RS13385	5038
HVO_RS13390	7559
HVO_RS13395	20750
HVO_RS13400	2794
HVO_RS13405	4242
HVO_RS13410	1153
HVO_RS13415	4397
HVO_RS13420	31379
HVO_RS13425	3596
HVO_RS13430	14577
HVO_RS13435	10402
HVO_RS13440	6921
HVO_RS13445	10497
HVO_RS13450	9894
HVO_RS13455	13957
HVO_RS13460	52284
HVO_RS13465	12463
HVO_RS13470	5642
HVO_RS13475	51086
HVO_RS13480	3500
HVO_RS13485	31929
HVO_RS13490	23533
HVO_RS13495	195677
HVO_RS13500	5192
HVO_RS13505	1119
HVO_RS13510	830
HVO_RS13530	4814
HVO_RS13535	43
HVO_RS13540	749
HVO_RS13545	4649
HVO_RS13550	1356
HVO_RS13560	990
HVO_RS13565	1822
HVO_RS13570	42809
HVO_RS13575	6763
HVO_RS13580	5378
HVO_RS13585	11958
HVO_RS13590	16290
HVO_RS13595	8718
HVO_RS13600	7088
HVO_RS13605	2792
HVO_RS13610	13068
HVO_RS13615	40257
HVO_RS13620	121646
HVO_RS13625	24902
HVO_RS13630	21599
HVO_RS13635	31797
HVO_RS13640	14701
HVO_RS13645	15387
HVO_RS13650	2904
HVO_RS13655	10497
HVO_RS13660	39434
HVO_RS13665	11216
HVO_RS13670	32550
HVO_RS13675	10566
HVO_RS13680	170137
HVO_RS13685	15969
HVO_RS13690	186034
HVO_RS13695	8218
HVO_RS13700	5396
HVO_RS13705	5423
HVO_RS13710	6471
HVO_RS13715	66345
HVO_RS13720	3257
HVO_RS13725	43445
HVO_RS13730	1217
HVO_RS13735	856
HVO_RS13740	3687
HVO_RS13745	2407
HVO_RS13750	1722
HVO_RS13755	8310
HVO_RS13760	5210
HVO_RS13765	17713
HVO_RS13770	1877
HVO_RS13775	4451
HVO_RS13780	12304
HVO_RS13785	6650
HVO_RS13790	54955
HVO_RS13795	147383
HVO_RS13800	41997
HVO_RS13805	4329
HVO_RS13810	46907
HVO_RS13815	56923
HVO_RS13820	305974
HVO_RS13825	3074
HVO_RS13830	6874
HVO_RS13835	1432
HVO_RS13840	14066
HVO_RS13845	589
HVO_RS13850	118608
HVO_RS13855	6124
HVO_RS13860	951
HVO_RS13865	2101
HVO_RS13870	53
HVO_RS13875	20113
HVO_RS13880	92572
HVO_RS13885	77287
HVO_RS13890	13339
HVO_RS13900	18545
HVO_RS13905	113018
HVO_RS13910	5509
HVO_RS13915	33426
HVO_RS13920	1498
HVO_RS13925	12769
HVO_RS13930	2171
HVO_RS13935	20343
HVO_RS13940	7195
HVO_RS13945	3468
HVO_RS13950	8357
HVO_RS13955	18696
HVO_RS13960	6210
HVO_RS13965	596
HVO_RS13970	1808
HVO_RS13975	2464
HVO_RS13980	1137
HVO_RS13985	1827
HVO_RS13990	12343
HVO_RS13995	2190
HVO_RS14000	10345
HVO_RS14005	21463
HVO_RS14010	6762
HVO_RS14015	1096
HVO_RS14020	3834
HVO_RS14025	23424
HVO_RS14030	9310
HVO_RS14035	190237
HVO_RS14040	4802
HVO_RS14045	3369
HVO_RS14050	4843
HVO_RS14055	6476
HVO_RS14060	8451
HVO_RS14070	2752
HVO_RS14075	5349
HVO_RS14080	237003
HVO_RS14085	2496
HVO_RS14090	52806
HVO_RS14095	8803
HVO_RS14100	6812
HVO_RS14105	26322
HVO_RS14110	5326
HVO_RS14115	100359
HVO_RS14120	30212
HVO_RS14125	26755
HVO_RS14130	9693
HVO_RS14135	12359
HVO_RS14140	13198
HVO_RS14145	550
HVO_RS14150	1202
HVO_RS14155	1515
HVO_RS14160	2987
HVO_RS14165	47184
HVO_RS14170	3872
HVO_RS14175	49413
HVO_RS14180	70362
HVO_RS14185	104134
HVO_RS14190	5804
HVO_RS14195	25723
HVO_RS14200	17845
HVO_RS14205	146190
HVO_RS14215	1936
HVO_RS14220	1379
HVO_RS14225	138
HVO_RS14230	3083
HVO_RS14235	1741
HVO_RS14240	23309
HVO_RS14245	46151
HVO_RS14250	6374
HVO_RS14255	316271
HVO_RS14260	54063
HVO_RS14265	115165
HVO_RS14270	17148
HVO_RS14275	340
HVO_RS14280	4832
HVO_RS14285	3334
HVO_RS14290	2836
HVO_RS14295	2957
HVO_RS14300	5488
HVO_RS14305	223
HVO_RS14310	16279
HVO_RS14315	11032
HVO_RS14320	7720
HVO_RS14325	10302
HVO_RS14330	4636
HVO_RS14340	2448
HVO_RS14345	40574
HVO_RS14350	4268
HVO_RS14355	7668
HVO_RS14360	13782
HVO_RS14365	19510
HVO_RS14370	61070
HVO_RS14375	4925
HVO_RS14380	142686
HVO_RS14385	21427
HVO_RS14390	231725
HVO_RS14395	31391
HVO_RS14400	44322
HVO_RS14405	9806
HVO_RS14410	29406
HVO_RS14415	5826
HVO_RS14420	15774
HVO_RS14425	1073
HVO_RS14430	14990
HVO_RS14435	1639
HVO_RS14440	747
HVO_RS14445	7552
HVO_RS14455	19908
HVO_RS14460	15018
HVO_RS14465	6543
HVO_RS14470	2791
HVO_RS14475	1175
HVO_RS14480	1497
HVO_RS14485	13
HVO_RS14490	1099
HVO_RS14495	203358
HVO_RS14505	18189
HVO_RS14510	12308
HVO_RS14515	38923
HVO_RS14520	2730
HVO_RS14525	4068
HVO_RS14530	698
HVO_RS14535	1227
HVO_RS14540	2639
HVO_RS14545	2543
HVO_RS14550	10118
HVO_RS14555	16664
HVO_RS14560	20120
HVO_RS14565	577
HVO_RS14570	638
HVO_RS14575	0
HVO_RS14580	7057
HVO_RS14585	32933
HVO_RS14590	3028
HVO_RS14595	11363
HVO_RS14600	31307
HVO_RS14605	14838
HVO_RS14610	99115
HVO_RS14615	122721
HVO_RS14620	55759
HVO_RS14625	186
HVO_RS14630	17424
HVO_RS14635	23914
HVO_RS14640	15198
HVO_RS14645	70971
HVO_RS14650	65569
HVO_RS14655	91669
HVO_RS14660	6137654
HVO_RS14665	8323
HVO_RS14670	11752
HVO_RS14675	10296
HVO_RS14680	1004376
HVO_RS14685	665
HVO_RS14690	1141
HVO_RS14695	56790
HVO_RS14700	70613
HVO_RS14705	42284
HVO_RS14710	19038
HVO_RS14715	5867
HVO_RS14720	15422
HVO_RS14725	1996
HVO_RS14730	3358
HVO_RS14735	17421
HVO_RS14740	2920
HVO_RS14745	583
HVO_RS14755	29922
HVO_RS14760	3917
HVO_RS14765	11891
HVO_RS14770	16407
HVO_RS14775	5847
HVO_RS14780	2301
HVO_RS14785	3986
HVO_RS14790	240
HVO_RS14795	1389
HVO_RS14800	952
HVO_RS14805	742
HVO_RS14810	5123
HVO_RS14815	147
HVO_RS14820	146
HVO_RS14825	324
HVO_RS14830	1892
HVO_RS14835	2117
HVO_RS14840	469
HVO_RS14845	3956
HVO_RS14850	88
HVO_RS14855	776
HVO_RS14860	557
HVO_RS14865	3231
HVO_RS14870	88
HVO_RS14875	124
HVO_RS14880	959
HVO_RS14885	303
HVO_RS14890	238
HVO_RS14895	129
HVO_RS14900	1891
HVO_RS14905	1075
HVO_RS14910	1176
HVO_RS14915	2016
HVO_RS14920	16711
HVO_RS14925	1497
HVO_RS14930	1702
HVO_RS14935	10892
HVO_RS14940	20807
HVO_RS14945	426
HVO_RS14950	10285
HVO_RS14955	1309
HVO_RS14960	378
HVO_RS14965	2389
HVO_RS14970	107
HVO_RS14975	5549
HVO_RS14980	23564
HVO_RS14985	2110
HVO_RS14990	3755
HVO_RS14995	84
HVO_RS15000	475
HVO_RS15005	173
HVO_RS15010	762
HVO_RS15015	4575
HVO_RS15020	702
HVO_RS15025	8633
HVO_RS15030	1171
HVO_RS15035	141756
HVO_RS15040	1844
HVO_RS15045	716
HVO_RS15050	506219
HVO_RS15055	84579
HVO_RS15060	4748
HVO_RS15065	63037
HVO_RS15070	4286
HVO_RS15075	13340
HVO_RS15080	8560
HVO_RS15085	17027
HVO_RS15090	774725
HVO_RS15095	44093
HVO_RS15100	1450
HVO_RS15105	2403
HVO_RS15110	5280
HVO_RS15115	7602
HVO_RS15120	2063
HVO_RS15125	7159
HVO_RS15130	30287
HVO_RS15135	14890
HVO_RS15140	1452
HVO_RS15145	20208
HVO_RS15150	136502
HVO_RS15155	12341
HVO_RS15160	4713
HVO_RS15165	10324
HVO_RS15170	47336
HVO_RS15175	3484
HVO_RS15180	269
HVO_RS15185	3059
HVO_RS15190	1269
HVO_RS15195	354
HVO_RS15200	610
HVO_RS15205	14756
HVO_RS15210	756
HVO_RS15215	4089
HVO_RS15220	34349
HVO_RS15225	12560
HVO_RS15230	4162
HVO_RS15235	9207
HVO_RS15240	31023
HVO_RS15245	812
HVO_RS15250	9178
HVO_RS15255	17351
HVO_RS15260	5497
HVO_RS15270	3227
HVO_RS15275	15736
HVO_RS15280	827
HVO_RS15285	17722
HVO_RS15290	3295
HVO_RS15295	5695
HVO_RS15300	75978
HVO_RS15305	262672
HVO_RS15310	56740
HVO_RS15315	6196
HVO_RS15320	12835
HVO_RS15325	3407
HVO_RS15330	10134
HVO_RS15335	577
HVO_RS15340	1282
HVO_RS15345	224
HVO_RS15350	17257
HVO_RS15355	11656
HVO_RS15360	6281
HVO_RS15365	27583
HVO_RS15370	2699
HVO_RS15375	3796
HVO_RS15380	75005
HVO_RS15385	214
HVO_RS15390	139
HVO_RS15395	6226
HVO_RS15400	163288
HVO_RS15405	53954
HVO_RS15410	96057
HVO_RS15415	8504
HVO_RS15420	6535
HVO_RS15425	4628
HVO_RS15430	7504
HVO_RS15435	11499
HVO_RS15440	12228
HVO_RS15445	1813
HVO_RS15450	9565
HVO_RS15455	2682
HVO_RS15460	248
HVO_RS15465	139413
HVO_RS15470	1160
HVO_RS15475	96775
HVO_RS15480	37155
HVO_RS15485	1701
HVO_RS15490	2357
HVO_RS15495	458
HVO_RS15500	4523
HVO_RS15505	12521
HVO_RS15510	10687
HVO_RS15515	1891
HVO_RS15520	4487
HVO_RS15525	201
HVO_RS15530	1018
HVO_RS15535	1409
HVO_RS15540	3789
HVO_RS15545	3932
HVO_RS15550	675
HVO_RS15555	1108
HVO_RS15560	913
HVO_RS15565	188
HVO_RS15570	109
HVO_RS15575	21882
HVO_RS15580	900
HVO_RS15585	7495
HVO_RS15590	15909
HVO_RS15595	5322
HVO_RS15600	4381
HVO_RS15605	16108
HVO_RS15620	1183
HVO_RS15625	1932
HVO_RS15630	1031
HVO_RS15635	4490
HVO_RS15640	9895
HVO_RS15645	219
HVO_RS15650	580
HVO_RS15655	640
HVO_RS15660	12
HVO_RS15665	303
HVO_RS15670	4
HVO_RS15675	72
HVO_RS15680	62
HVO_RS15690	2557
HVO_RS15705	1734
HVO_RS15710	2132
HVO_RS15715	1959
HVO_RS15720	2646
HVO_RS15725	2887
HVO_RS15730	338
HVO_RS15735	304
HVO_RS15740	1081
HVO_RS15745	143
HVO_RS15750	1491
HVO_RS15755	22657
HVO_RS15760	8653
HVO_RS15765	25926
HVO_RS15770	83711
HVO_RS15775	3039
HVO_RS15780	32203
HVO_RS15785	20751
HVO_RS15790	9317
HVO_RS15795	14522
HVO_RS15800	12913
HVO_RS15805	59239
HVO_RS15810	3771
HVO_RS15815	10805
HVO_RS15820	1654
HVO_RS15825	83700
HVO_RS15830	7993
HVO_RS15835	50502
HVO_RS15840	20138
HVO_RS15845	19909
HVO_RS15850	5880
HVO_RS15855	696
HVO_RS15860	6657
HVO_RS15865	30316
HVO_RS15870	5745
HVO_RS15875	29994
HVO_RS15880	6915
HVO_RS15885	382
HVO_RS15890	2321
HVO_RS15895	7999
HVO_RS15900	1980
HVO_RS15905	4603
HVO_RS15910	3005
HVO_RS15915	1919
HVO_RS15920	6086
HVO_RS15925	110
HVO_RS15930	15559
HVO_RS15935	3268
HVO_RS15940	3075
HVO_RS15945	18969
HVO_RS15950	49022
HVO_RS15955	6583
HVO_RS15960	6071
HVO_RS15965	16704
HVO_RS15970	6918
HVO_RS15975	4835
HVO_RS15980	7041
HVO_RS15985	5918
HVO_RS15990	44401
HVO_RS15995	80
HVO_RS16000	11948
HVO_RS16005	18420
HVO_RS16010	13324
HVO_RS16015	20339
HVO_RS16020	5196
HVO_RS16025	72443
HVO_RS16030	18368
HVO_RS16035	10209
HVO_RS16040	3490
HVO_RS16045	9357
HVO_RS16050	10459
HVO_RS16055	25821
HVO_RS16060	3245
HVO_RS16065	44737
HVO_RS16070	1469
HVO_RS16075	17371
HVO_RS16080	15401
HVO_RS16085	1312
HVO_RS16090	3386
HVO_RS16095	16096
HVO_RS16100	4874
HVO_RS16105	7533
HVO_RS16110	16887
HVO_RS16115	16596
HVO_RS16120	2626
HVO_RS16125	302120
HVO_RS16130	13052
HVO_RS16135	16095
HVO_RS16140	4259
HVO_RS16145	8886
HVO_RS16150	25746
HVO_RS16155	20520
HVO_RS16160	342715
HVO_RS16165	11163
HVO_RS16170	5331
HVO_RS16175	18764
HVO_RS16180	577440
HVO_RS16185	1373
HVO_RS16190	1461
HVO_RS16195	1261
HVO_RS16200	943
HVO_RS16205	2843
HVO_RS16210	294
HVO_RS16215	2395
HVO_RS16220	684
HVO_RS16225	12463
HVO_RS16230	707
HVO_RS16235	6527
HVO_RS16240	1634
HVO_RS16245	209574
HVO_RS16250	57142
HVO_RS16255	67009
HVO_RS16260	25122
HVO_RS16265	16144
HVO_RS16270	6487
HVO_RS16275	20327
HVO_RS16280	3422
HVO_RS16285	785
HVO_RS16290	224
HVO_RS16295	3513
HVO_RS16300	14344
HVO_RS16305	21818
HVO_RS16310	10261
HVO_RS16315	25676
HVO_RS16320	26383
HVO_RS16325	421
HVO_RS16330	13732
HVO_RS16335	8674
HVO_RS16340	93215
HVO_RS16345	23154
HVO_RS16350	71320
HVO_RS16360	2512
HVO_RS16365	360
HVO_RS16370	9548
HVO_RS16375	7843
HVO_RS16380	20960
HVO_RS16385	762
HVO_RS16390	52005
HVO_RS16395	9895
HVO_RS16400	4516
HVO_RS16405	29057
HVO_RS16410	15466
HVO_RS16415	83424
HVO_RS16420	28128
HVO_RS16425	144460
HVO_RS16430	20539
HVO_RS16435	114595
HVO_RS16440	7416
HVO_RS16445	29909
HVO_RS16450	1193
HVO_RS16455	113
HVO_RS16460	350
HVO_RS16465	981
HVO_RS16470	1467
HVO_RS16480	17376
HVO_RS16485	9706
HVO_RS16490	2735
HVO_RS16495	15311
HVO_RS16500	8001
HVO_RS16505	10381
HVO_RS16510	3900
HVO_RS16515	15320
HVO_RS16520	522012
HVO_RS16525	1315
HVO_RS16530	1000
HVO_RS16535	1304
HVO_RS16540	204
HVO_RS16545	1360
HVO_RS16550	8079
HVO_RS16555	3041
HVO_RS16560	4132
HVO_RS16565	474
HVO_RS16570	2440
HVO_RS16575	121
HVO_RS16580	105244
HVO_RS16585	165176
HVO_RS16590	1479
HVO_RS16595	15129
HVO_RS16600	3160
HVO_RS16605	1608
HVO_RS16610	1676
HVO_RS16615	27053
HVO_RS16620	3002
HVO_RS16625	2330
HVO_RS16630	10586
HVO_RS16635	19635
HVO_RS16640	1809
HVO_RS16645	941
HVO_RS16650	948
HVO_RS16655	2495
HVO_RS16660	399
HVO_RS16665	2831
HVO_RS16670	3424
HVO_RS16675	12728
HVO_RS16680	590
HVO_RS16685	8573
HVO_RS16690	123376
HVO_RS16695	6582
HVO_RS16700	3805
HVO_RS16705	1427
HVO_RS16710	352
HVO_RS16715	5914
HVO_RS16720	1086
HVO_RS16725	10034
HVO_RS16730	18570
HVO_RS16735	72056
HVO_RS16740	106971
HVO_RS16745	480
HVO_RS16750	6286
HVO_RS16755	3337
HVO_RS16760	11041
HVO_RS16765	7175
HVO_RS16770	20277
HVO_RS16775	6350
HVO_RS16780	6510
HVO_RS16785	1623
HVO_RS16790	6685
HVO_RS16795	2587
HVO_RS16800	47010
HVO_RS16805	2277
HVO_RS16810	29431
HVO_RS16815	32210
HVO_RS16820	1821
HVO_RS16825	3638
HVO_RS16830	22912
HVO_RS16835	2798
HVO_RS16840	36421
HVO_RS16845	7611
HVO_RS16850	7141
HVO_RS16855	84107
HVO_RS16860	560273
HVO_RS16865	4803
HVO_RS16870	2470
HVO_RS16875	31666
HVO_RS16880	3511
HVO_RS16890	1741
HVO_RS16895	1349
HVO_RS16900	5649
HVO_RS16905	4755
HVO_RS16910	3883
HVO_RS16915	21745
HVO_RS16920	2912
HVO_RS16925	9860
HVO_RS16930	2254
HVO_RS16935	10799
HVO_RS16940	27016
HVO_RS16945	5048
HVO_RS16950	3893
HVO_RS16955	2775
HVO_RS16960	16561
HVO_RS16965	584267
HVO_RS16970	93771
HVO_RS16975	127004
HVO_RS16980	131098
HVO_RS16985	155940
HVO_RS16990	204070
HVO_RS16995	206171
HVO_RS17000	163037
HVO_RS17005	67888
HVO_RS17010	8265
HVO_RS17015	75697
HVO_RS17020	196012
HVO_RS17025	69973
HVO_RS17030	53375
HVO_RS17035	82143
HVO_RS17040	264934
HVO_RS17045	21426
HVO_RS17050	469604
HVO_RS17055	129567
HVO_RS17060	110198
HVO_RS17065	233920
HVO_RS17070	65591
HVO_RS17075	234357
HVO_RS17080	367180
HVO_RS17085	3358810
HVO_RS17090	2635
HVO_RS17095	5466
HVO_RS17100	3665
HVO_RS17105	278
HVO_RS17110	419
HVO_RS17115	1096
HVO_RS17120	12267
HVO_RS17125	14437
HVO_RS17130	5020
HVO_RS17135	4576
HVO_RS17140	16900
HVO_RS17145	3865
HVO_RS17150	3050
HVO_RS17155	1476
HVO_RS17160	2437
HVO_RS17165	3172
HVO_RS17170	1251
HVO_RS17175	17288
HVO_RS17180	7826
HVO_RS17185	311
HVO_RS17190	5272
HVO_RS17195	1621
HVO_RS17200	339837
HVO_RS17205	35326
HVO_RS17210	5728
HVO_RS17215	504
HVO_RS17220	2198
HVO_RS17230	204
HVO_RS17235	1911
HVO_RS17240	390
HVO_RS17245	4900
HVO_RS17250	4903
HVO_RS17255	49234
HVO_RS17260	7977
HVO_RS17265	5860
HVO_RS17270	9774
HVO_RS17275	2404
HVO_RS17280	46034
HVO_RS17285	51716
HVO_RS17290	30514
HVO_RS17295	6925
HVO_RS17300	19196
HVO_RS17305	1729
HVO_RS17310	7124
HVO_RS17315	7400
HVO_RS17320	21495
HVO_RS17325	9681
HVO_RS17330	8532
HVO_RS17335	8300
HVO_RS17340	11117
HVO_RS17345	6874
HVO_RS17350	135088
HVO_RS17355	52243
HVO_RS17360	18453
HVO_RS17365	1353
HVO_RS17370	130840
HVO_RS17375	36587
HVO_RS17380	11170
HVO_RS17385	1760
HVO_RS17390	3231
HVO_RS17395	6507
HVO_RS17400	13256
HVO_RS17405	4322
HVO_RS17410	6902
HVO_RS17415	11355
HVO_RS17420	1341
HVO_RS17425	34821
HVO_RS17430	12868
HVO_RS17435	6701
HVO_RS17440	5031
HVO_RS17445	7329
HVO_RS17450	4310
HVO_RS17455	9368
HVO_RS17460	12713
HVO_RS17465	7551
HVO_RS17470	4694
HVO_RS17475	22797
HVO_RS17480	2401
HVO_RS17485	10433
HVO_RS17490	275
HVO_RS17495	66296
HVO_RS17500	12715
HVO_RS17505	17710
HVO_RS17510	429
HVO_RS17515	3183
HVO_RS17520	1960
HVO_RS17525	3735
HVO_RS17530	38582
HVO_RS17535	3175
HVO_RS17540	8373
HVO_RS17545	5767
HVO_RS17550	22090
HVO_RS17555	3671
HVO_RS17560	13785
HVO_RS17565	4774
HVO_RS17570	6165
HVO_RS17575	8686
HVO_RS17580	7298
HVO_RS17585	6942
HVO_RS17590	12216
HVO_RS17595	17574
HVO_RS17600	18803
HVO_RS17605	443
HVO_RS17610	788
HVO_RS17615	47100
HVO_RS17620	47580
HVO_RS17625	18131
HVO_RS17630	9405
HVO_RS17635	3717
HVO_RS17640	2704
HVO_RS17645	1528
HVO_RS17650	21336
HVO_RS17655	3194
HVO_RS17660	5937
HVO_RS17665	5211
HVO_RS17670	18549
HVO_RS17675	14147
HVO_RS17680	11569
HVO_RS17685	34060
HVO_RS17690	99743
HVO_RS17695	4457
HVO_RS17700	48828
HVO_RS17705	22854
HVO_RS17710	39281
HVO_RS17715	310348
HVO_RS17720	811
HVO_RS17725	34789
HVO_RS17730	39248
HVO_RS17735	4048
HVO_RS17740	97085
HVO_RS17745	21578
HVO_RS17750	72275
HVO_RS17755	14213
HVO_RS17760	6469
HVO_RS17765	11593
HVO_RS17770	26137
HVO_RS17775	26739
HVO_RS17780	17365
HVO_RS17785	31887
HVO_RS17790	2336
HVO_RS17795	2263
HVO_RS17800	35806
HVO_RS17805	869
HVO_RS17810	2796
HVO_RS17815	5365
HVO_RS17820	765
HVO_RS17825	60965
HVO_RS17830	15683
HVO_RS17835	48413
HVO_RS17840	120626
HVO_RS17845	2004
HVO_RS17850	17655
HVO_RS17855	4250
HVO_RS17860	533557
HVO_RS17865	217612
HVO_RS17870	38006
HVO_RS17875	3121
HVO_RS17880	2454
HVO_RS17885	20055
HVO_RS17890	1418
HVO_RS17895	1783
HVO_RS17900	2494
HVO_RS17905	289
HVO_RS17910	1924
HVO_RS17920	17269
HVO_RS17925	1212851
HVO_RS17930	56841
HVO_RS17935	23522
HVO_RS17940	155593
HVO_RS17945	12838
HVO_RS17950	8709
HVO_RS17955	9239
HVO_RS17960	4688
HVO_RS17965	6167
HVO_RS17970	5698
HVO_RS17975	8698
HVO_RS17980	115410
HVO_RS17985	125698
HVO_RS17990	18223
HVO_RS17995	61336
HVO_RS18000	16566
HVO_RS18005	13611
HVO_RS18010	1498
HVO_RS18015	627015
HVO_RS18020	1493312
HVO_RS18025	1625865
HVO_RS18030	330677
HVO_RS18035	19265
HVO_RS18040	18711
HVO_RS18045	15522
HVO_RS18050	7070
HVO_RS18055	3287
HVO_RS18060	997
HVO_RS18065	1580
HVO_RS18070	7927
HVO_RS18075	16571
HVO_RS18080	4044
HVO_RS18085	6993
HVO_RS18090	20266
HVO_RS18095	5484
HVO_RS18100	10095
HVO_RS18105	481138
HVO_RS18110	649518
HVO_RS18115	25324
HVO_RS18120	31278
HVO_RS18125	73696
HVO_RS18130	107165
HVO_RS18135	159111
HVO_RS18140	21237
HVO_RS18145	1019648
HVO_RS18150	407751
HVO_RS18155	184938
HVO_RS18160	505570
HVO_RS18165	138242
HVO_RS18170	2053
HVO_RS18175	4684
HVO_RS18180	4548
HVO_RS18185	160032
HVO_RS18190	49532
HVO_RS18195	9629
HVO_RS18200	11718
HVO_RS18205	14287
HVO_RS18210	3282
HVO_RS18215	9309
HVO_RS18220	13016
HVO_RS18225	10312
HVO_RS18230	9469
HVO_RS18240	1551
HVO_RS18245	1271
HVO_RS18250	1126
HVO_RS18255	2459
HVO_RS18260	7252
HVO_RS18265	997
HVO_RS18270	2022
HVO_RS18275	4402
HVO_RS18280	145927
HVO_RS18285	57271
HVO_RS18290	5700
HVO_RS18295	27034
HVO_RS18300	16636
HVO_RS18305	80513
HVO_RS18310	4258
HVO_RS18315	66736
HVO_RS18320	3216
HVO_RS18325	61
HVO_RS18330	1737
HVO_RS18335	143
HVO_RS18340	90
HVO_RS18345	3680
HVO_RS18350	363
HVO_RS18355	2194
HVO_RS18365	4043
HVO_RS18370	22963
HVO_RS18375	4608
HVO_RS18380	3180
HVO_RS18385	202
HVO_RS18395	2196
HVO_RS18400	1492
HVO_RS18405	2035
HVO_RS18415	14952
HVO_RS18420	745
HVO_RS18425	1319
HVO_RS18430	1621
HVO_RS18435	7492
HVO_RS18440	437
HVO_RS18445	2796
HVO_RS18450	6299
HVO_RS18455	3725
HVO_RS18460	539
HVO_RS18465	2996
HVO_RS18470	12779
HVO_RS18475	2528
HVO_RS18480	3633
HVO_RS18485	4127
HVO_RS18490	13108
HVO_RS18495	5252
HVO_RS18500	3165
HVO_RS18505	2641
HVO_RS18510	6791
HVO_RS18515	16982
HVO_RS18520	21668
HVO_RS18525	9611
HVO_RS18530	16446
HVO_RS18535	56608
HVO_RS18540	26964
HVO_RS18545	427
HVO_RS18550	2278
HVO_RS18555	18900
HVO_RS18560	1951
HVO_RS18565	11942
HVO_RS18570	16867
HVO_RS18575	3790
HVO_RS18580	12984
HVO_RS18585	7798
HVO_RS18590	9884
HVO_RS18595	4120
HVO_RS18600	1179
HVO_RS18605	3890
HVO_RS18610	3260
HVO_RS18615	25834
HVO_RS18620	44461
HVO_RS18630	41413
HVO_RS18635	13689
HVO_RS18640	13168
HVO_RS18645	52603
HVO_RS18650	8418
HVO_RS18655	2007
HVO_RS18660	10433
HVO_RS18665	3373
HVO_RS18670	14115
HVO_RS18675	329895
HVO_RS18680	3866
HVO_RS18685	3236
HVO_RS18690	5577
HVO_RS18695	2270
HVO_RS18700	3062
HVO_RS18705	4690
HVO_RS18710	18676
HVO_RS18715	5878
HVO_RS18720	4516
HVO_RS18725	13514
HVO_RS18730	90801
HVO_RS18735	45151
HVO_RS18740	2282
HVO_RS18745	6281
HVO_RS18750	10177
HVO_RS18755	30295
HVO_RS18760	18951
HVO_RS18765	17912
HVO_RS18770	13872
HVO_RS18775	1067
HVO_RS18780	7664
HVO_RS18785	5379
HVO_RS18790	180265
HVO_RS18795	8131
HVO_RS18800	9477
HVO_RS18805	100740
HVO_RS18810	1755
HVO_RS18815	15038
HVO_RS18820	1890
HVO_RS18825	570
HVO_RS18830	12995
HVO_RS18835	19193
HVO_RS18840	39332
HVO_RS18845	18743
HVO_RS18855	20473
HVO_RS18860	19567
HVO_RS18865	3616
HVO_RS18870	48305
HVO_RS18875	4161
HVO_RS18880	15842
HVO_RS18885	32686
HVO_RS18890	571
HVO_RS18895	2576
HVO_RS18900	40732
HVO_RS18905	27
HVO_RS18910	198
HVO_RS18915	53
HVO_RS18920	604
HVO_RS18925	13132
HVO_RS18930	2883
HVO_RS18935	5620
HVO_RS18940	7323
HVO_RS18945	137647
HVO_RS18950	25218
HVO_RS18955	63124
HVO_RS18960	45047
HVO_RS18965	1810
HVO_RS18970	621
HVO_RS18975	38371
HVO_RS18980	6413
HVO_RS18985	108
HVO_RS18990	3962
HVO_RS18995	26388
HVO_RS19000	60547
HVO_RS19005	70385
HVO_RS19010	42393
HVO_RS19015	88083
HVO_RS19020	116006
HVO_RS19025	358
HVO_RS19030	1317
HVO_RS19035	1234
HVO_RS19040	9933
HVO_RS19045	6171
HVO_RS19050	26328
HVO_RS19055	40751
HVO_RS19060	3691
HVO_RS19065	20768
HVO_RS19070	11732
HVO_RS19075	8067
HVO_RS19080	35669
HVO_RS19085	1957
HVO_RS19090	1764
HVO_RS19095	4890
HVO_RS19100	14621
HVO_RS19105	8774
HVO_RS19110	3773
HVO_RS19115	5489
HVO_RS19120	699
HVO_RS19125	55378
HVO_RS19130	25301
HVO_RS19135	12803
HVO_RS19140	6728
HVO_RS19145	24400
HVO_RS19150	13080
HVO_RS19155	6412
HVO_RS19160	11306
HVO_RS19165	19596
HVO_RS19170	4090
HVO_RS19175	1166
HVO_RS19180	7366
HVO_RS19185	1719
HVO_RS19195	753225
HVO_RS19200	10962
HVO_RS19205	1858
HVO_RS19210	5434
HVO_RS19215	2163
HVO_RS19220	10163
HVO_RS19225	4623
HVO_RS19230	11339
HVO_RS19235	6593
HVO_RS19240	1019
HVO_RS19245	6802
HVO_RS19250	20056
HVO_RS19255	175600
HVO_RS19260	5223
HVO_RS19265	10401
HVO_RS19270	155735
HVO_RS19275	83772
HVO_RS19280	34533
HVO_RS19285	116129
HVO_RS19290	10241609
HVO_RS19295	10093
HVO_RS19305	40
HVO_RS19310	12528
HVO_RS19315	3341
HVO_RS19320	5469
HVO_RS19325	1492
HVO_RS19330	4697
HVO_RS19335	1776
HVO_RS19340	5393
HVO_RS19345	89634
HVO_RS19350	66
HVO_RS19360	5081
HVO_RS19365	1889
HVO_RS19370	558
HVO_RS19375	8945
HVO_RS19380	1739
HVO_RS19390	8527
HVO_RS19400	94608
HVO_RS19405	156
HVO_RS19410	7285
HVO_RS19420	10219
HVO_RS19425	13571
HVO_RS19430	2463
HVO_RS19435	12427
HVO_RS19450	18894
HVO_RS19455	11854
HVO_RS19460	3264
HVO_RS19465	3891
HVO_RS19470	1414
HVO_RS19475	8296
HVO_RS19480	14596
HVO_RS19485	505
HVO_RS19490	1121
HVO_RS19510	11188
HVO_RS19515	314
HVO_RS19520	6903
HVO_RS19525	329
HVO_RS19530	257
HVO_RS19535	1024
HVO_RS19540	206
HVO_RS19545	1976
HVO_RS19550	161
HVO_RS19555	13224
HVO_RS19560	60
HVO_RS19565	173
HVO_RS19570	34
HVO_RS19575	181
HVO_RS19580	9478
HVO_RS19585	3447
HVO_RS19590	4399
HVO_RS19595	2420
HVO_RS19600	69
HVO_RS19605	2826
HVO_RS19610	215
HVO_RS19615	727
HVO_RS19620	104
HVO_RS19625	3763
HVO_RS19630	56
HVO_RS19635	9854406
HVO_RS19650	930
HVO_RS19715	4
HVO_RS19740	5573
HVO_RS19745	2284
HVO_RS19770	11
HVO_RS19780	126
HVO_RS19795	569
HVO_RS19800	7004
HVO_RS19810	132
HVO_RS19825	1435
HVO_RS19830	280
HVO_RS19855	6626
HVO_RS19875	12164
HVO_RS19880	365
HVO_RS19915	793
HVO_RS19920	361
HVO_RS19930	38551
HVO_RS19935	235
HVO_RS19940	50
HVO_RS19945	900
HVO_RS19950	1445
HVO_RS19965	493
HVO_RS19970	1790
HVO_RS19975	10913
HVO_RS19990	760
HVO_RS19995	7594
HVO_RS20000	2791
HVO_RS20005	1085
HVO_RS20010	449
HVO_RS20015	1319
HVO_RS20020	3689
HVO_RS20025	2720
HVO_RS20035	14617
HVO_RS20040	4
HVO_RS20045	522
HVO_RS20050	2407
HVO_RS20055	33
HVO_RS20060	2399
HVO_RS20065	12401
HVO_RS20100	7874
HVO_RS20105	54
HVO_RS20130	81362
HVO_RS20135	955
HVO_RS20140	9880
HVO_RS20145	19597
HVO_RS20150	10900
HVO_RS20155	6204
HVO_RS20160	1359
HVO_RS20165	2021
HVO_RS20175	8732
HVO_RS20180	3116
HVO_RS20185	1155
HVO_RS20190	4105
HVO_RS20195	152
HVO_RS20205	2395
HVO_RS20210	4025
HVO_RS20230	2224
HVO_RS20235	25957
HVO_RS20240	16008
HVO_RS20260	11503
HVO_RS20265	6150
HVO_RS20270	392
HVO_RS20290	274
HVO_RS20305	65996
HVO_RS20310	11945
HVO_RS20315	3309
HVO_RS20335	9438
HVO_RS20350	2272
HVO_RS20355	737
HVO_RS20370	3194
HVO_RS20380	519
HVO_RS20385	30532
HVO_RS20390	17345
HVO_RS20405	93905
HVO_RS20410	698
HVO_RS20415	93
HVO_RS20445	6431
HVO_RS20460	12269
HVO_RS20465	7074
HVO_RS20470	547
HVO_RS20485	135
HVO_RS20495	46634
HVO_RS20505	360
HVO_RS20510	800
HVO_RS20525	647
HVO_RS20535	2012
HVO_RS20540	3119
HVO_RS20545	1177
HVO_RS20550	512
HVO_RS20565	493
HVO_RS20570	583
HVO_RS20590	1706
HVO_RS20605	3252
HVO_RS20610	361
HVO_RS20615	1183
HVO_RS20620	211
HVO_RS20625	638
HVO_RS20630	1910
HVO_RS20635	1169
HVO_RS20640	1656
HVO_RS20645	148
HVO_RS20665	2031
HVO_RS20670	530
HVO_RS20680	719
HVO_RS20685	261
HVO_RS20690	695
HVO_RS20700	316872
HVO_RS20705	4015
HVO_RS20710	23
HVO_RS20715	1842
HVO_RS20720	911
HVO_RS20730	5677
HVO_RS20735	0
HVO_RS20740	20
HVO_RS20750	19
HVO_RS20760	119
HVO_RS20765	176
HVO_RS20775	5633
HVO_RS20780	250
HVO_RS20785	11681
HVO_RS20790	8438
HVO_RS20795	14972
HVO_RS20800	166
HVO_RS20805	3350
HVO_RS20810	2857
HVO_RS20815	1116
HVO_RS20820	117
HVO_RS20825	10161
HVO_RS20830	37
HVO_RS20835	15
HVO_RS20840	48
HVO_RS20845	57679
HVO_RS20850	28327
HVO_RS20855	3917
HVO_RS20860	291
HVO_RS20865	81
HVO_RS20870	1065
HVO_RS20875	43760
HVO_RS20880	758
HVO_RS20885	600
HVO_RS20890	63
HVO_RS20895	1125
HVO_RS20900	24841
HVO_RS20905	2834
HVO_RS20910	1439
HVO_RS20915	5246
HVO_RS20920	3400
HVO_RS20925	4343
HVO_RS20930	4642
HVO_RS20935	4
HVO_RS20940	6078
HVO_RS20945	447
HVO_RS20950	7301
HVO_RS20955	2484
HVO_RS20960	6328
HVO_RS20965	200
HVO_RS20970	5924
HVO_RS20975	4363
HVO_RS20980	13771
HVO_RS20985	19771
HVO_RS20990	898
HVO_RS20995	807
HVO_RS21000	608
HVO_RS21005	32037
HVO_RS21010	2475
HVO_RS21015	18875
HVO_RS21020	1744
HVO_RS21025	166
HVO_RS21030	360
HVO_RS21035	41
HVO_RS21040	93
HVO_RS21045	102
HVO_RS21050	2114
HVO_RS21055	927
HVO_RS21060	459
HVO_RS21065	11708
HVO_RS21070	6205
HVO_RS21075	85
HVO_RS21080	4394
HVO_RS21085	83
HVO_RS21090	390
HVO_RS21095	2133
HVO_RS21100	1644
HVO_RS21105	13975
HVO_RS21110	4288
HVO_RS21115	1239
HVO_RS21120	1600
HVO_RS21125	88
HVO_RS21135	2017
HVO_RS21145	1351
HVO_RS21150	121
HVO_RS21155	1889
HVO_RS21160	13
HVO_RS21165	0
HVO_RS21170	107
HVO_RS21175	547
HVO_RS21180	178
HVO_RS21185	964
HVO_RS21190	55
HVO_RS21195	16
HVO_RS21210	309
HVO_RS21215	130
HVO_RS21225	152
HVO_RS21230	2909
HVO_RS21235	503
HVO_RS21240	157
HVO_RS21245	105
HVO_RS21255	11855
HVO_RS21265	38867
HVO_RS21275	539
HVO_RS21280	1125
HVO_RS21285	185
HVO_RS21290	487
HVO_RS21295	6614
HVO_RS21300	2673
HVO_RS21310	95
HVO_RS21315	23300
HVO_RS21335	1135
HVO_RS21340	272
HVO_RS21345	975
HVO_RS21365	7270
HVO_RS21370	4180
HVO_RS21375	153
HVO_RS21380	52
HVO_RS21385	805
HVO_RS21390	920
HVO_RS21395	10110
HVO_RS21400	25
HVO_RS21405	33837
HVO_RS21410	1178
HVO_RS21415	1223
HVO_RS21420	151
HVO_RS21425	318
HVO_RS21430	4169
HVO_RS21435	1725
HVO_RS21440	1906
HVO_RS21445	2828
HVO_RS21450	170
HVO_RS21455	643
HVO_RS21460	94
HVO_RS21465	4763
HVO_RS21470	43123
HVO_RS21475	358
HVO_RS21480	269
HVO_RS21485	716
HVO_RS21490	888
HVO_RS21495	9990
HVO_RS21500	5893
__no_feature	13373501
__ambiguous	20659848
__too_low_aQual	0
__not_aligned	0
__alignment_not_unique	8128488
