HVO_RS00005	3088
HVO_RS00010	1207
HVO_RS00015	664
HVO_RS00020	872
HVO_RS00025	295
HVO_RS00030	861
HVO_RS00035	5501
HVO_RS00040	94
HVO_RS00045	3026
HVO_RS00050	1780
HVO_RS00055	1093
HVO_RS00060	282
HVO_RS00065	4572
HVO_RS00070	1736
HVO_RS00075	1898
HVO_RS00080	3063
HVO_RS00085	254
HVO_RS00090	5646
HVO_RS00095	1698
HVO_RS00100	260
HVO_RS00105	149
HVO_RS00110	774
HVO_RS00115	297
HVO_RS00120	858
HVO_RS00125	175
HVO_RS00130	118
HVO_RS00135	1773
HVO_RS00140	166
HVO_RS00145	493
HVO_RS00150	120
HVO_RS00155	51
HVO_RS00160	6
HVO_RS00165	3
HVO_RS00170	26
HVO_RS00175	32
HVO_RS00180	167
HVO_RS00185	873
HVO_RS00190	1262
HVO_RS00195	3473
HVO_RS00200	1827
HVO_RS00205	584
HVO_RS00210	2834
HVO_RS00215	3061
HVO_RS00220	7099
HVO_RS00225	59870
HVO_RS00230	12961
HVO_RS00235	7722
HVO_RS00240	76223
HVO_RS00245	22127
HVO_RS00250	21474
HVO_RS00255	4759
HVO_RS00260	17761
HVO_RS00265	7697
HVO_RS00270	1132
HVO_RS00275	27556
HVO_RS00280	20790
HVO_RS00285	35228
HVO_RS00290	23668
HVO_RS00295	16817
HVO_RS00300	22066
HVO_RS00305	12191
HVO_RS00310	30220
HVO_RS00315	20041
HVO_RS00320	18056
HVO_RS00325	837
HVO_RS00330	1372
HVO_RS00335	3019
HVO_RS00340	6655
HVO_RS00345	3358
HVO_RS00350	1411
HVO_RS00355	1923
HVO_RS00360	709
HVO_RS00365	988
HVO_RS00370	1387
HVO_RS00375	1220
HVO_RS00380	653
HVO_RS00385	570
HVO_RS00390	532
HVO_RS00395	3820
HVO_RS00400	1975
HVO_RS00405	2213
HVO_RS00410	717
HVO_RS00415	718
HVO_RS00420	988
HVO_RS00425	182
HVO_RS00430	244
HVO_RS00435	372
HVO_RS00440	31
HVO_RS00445	61
HVO_RS00450	699
HVO_RS00455	158
HVO_RS00460	2538
HVO_RS00465	923
HVO_RS00470	108
HVO_RS00475	37
HVO_RS00480	102
HVO_RS00485	1196
HVO_RS00490	2268
HVO_RS00495	261
HVO_RS00500	50
HVO_RS00505	363
HVO_RS00510	58
HVO_RS00515	109
HVO_RS00520	15
HVO_RS00525	13
HVO_RS00530	333
HVO_RS00535	366
HVO_RS00540	5914
HVO_RS00545	2261
HVO_RS00550	2935
HVO_RS00555	802
HVO_RS00560	585
HVO_RS00565	4736
HVO_RS00570	56374
HVO_RS00575	162
HVO_RS00580	39
HVO_RS00585	5
HVO_RS00590	22
HVO_RS00595	15
HVO_RS00600	7
HVO_RS00605	8
HVO_RS00610	43
HVO_RS00615	234
HVO_RS00620	151
HVO_RS00630	10268
HVO_RS00635	2558
HVO_RS00640	4651
HVO_RS00645	3180
HVO_RS00650	3482
HVO_RS00655	2686
HVO_RS00660	617
HVO_RS00665	2080
HVO_RS00670	4444
HVO_RS00675	3946
HVO_RS00680	2109
HVO_RS00685	3035
HVO_RS00690	3625
HVO_RS00695	9681
HVO_RS00700	44810
HVO_RS00705	3180
HVO_RS00710	1006
HVO_RS00715	730
HVO_RS00720	21540
HVO_RS00725	3211
HVO_RS00730	12434
HVO_RS00735	582
HVO_RS00740	117
HVO_RS00745	6994
HVO_RS00750	1323
HVO_RS00755	5923
HVO_RS00760	23475
HVO_RS00765	900
HVO_RS00770	1232
HVO_RS00775	150
HVO_RS00780	2982
HVO_RS00785	191
HVO_RS00790	48
HVO_RS00795	118
HVO_RS00800	3
HVO_RS00805	754
HVO_RS00810	312
HVO_RS00815	81
HVO_RS00820	187
HVO_RS00825	288
HVO_RS00830	114
HVO_RS00835	296
HVO_RS00840	1121
HVO_RS00845	171
HVO_RS00850	706
HVO_RS00855	1610
HVO_RS00860	74
HVO_RS00865	8
HVO_RS00870	31
HVO_RS00875	39
HVO_RS00880	2
HVO_RS00885	19
HVO_RS00890	144
HVO_RS00895	20370
HVO_RS00900	1842
HVO_RS00905	6625
HVO_RS00910	1335
HVO_RS00915	1673
HVO_RS00920	401
HVO_RS00925	232
HVO_RS00930	332
HVO_RS00935	239
HVO_RS00940	2462
HVO_RS00945	489
HVO_RS00950	2054
HVO_RS00955	16149
HVO_RS00965	6242
HVO_RS00970	37453
HVO_RS00975	89979
HVO_RS00980	995
HVO_RS00985	3106
HVO_RS00990	471
HVO_RS00995	874
HVO_RS01000	181
HVO_RS01005	328
HVO_RS01010	184
HVO_RS01015	26
HVO_RS01025	43
HVO_RS01030	13
HVO_RS01035	19
HVO_RS01040	113
HVO_RS01045	47
HVO_RS01050	241
HVO_RS01055	83
HVO_RS01060	42
HVO_RS01065	260
HVO_RS01070	856
HVO_RS01075	75
HVO_RS01080	40
HVO_RS01085	29
HVO_RS01090	61
HVO_RS01095	79
HVO_RS01100	2906
HVO_RS01105	351
HVO_RS01110	438
HVO_RS01115	462
HVO_RS01120	178
HVO_RS01125	31
HVO_RS01130	19
HVO_RS01135	3
HVO_RS01140	70
HVO_RS01145	2121
HVO_RS01150	30
HVO_RS01155	125
HVO_RS01160	1350
HVO_RS01165	445
HVO_RS01170	414
HVO_RS01175	558
HVO_RS01180	266
HVO_RS01185	15954
HVO_RS01190	8139
HVO_RS01195	93
HVO_RS01200	1809
HVO_RS01205	174
HVO_RS01210	340
HVO_RS01215	2790
HVO_RS01220	29
HVO_RS01230	1076
HVO_RS01235	3236
HVO_RS01240	675
HVO_RS01245	6553
HVO_RS01250	743
HVO_RS01255	109
HVO_RS01260	1342
HVO_RS01265	33
HVO_RS01270	1081
HVO_RS01275	49
HVO_RS01280	84
HVO_RS01285	158
HVO_RS01290	348
HVO_RS01295	49181
HVO_RS01300	336
HVO_RS01305	519
HVO_RS01310	610
HVO_RS01315	1729
HVO_RS01330	17004
HVO_RS01335	325
HVO_RS01340	210
HVO_RS01345	1743
HVO_RS01350	3159
HVO_RS01355	4741
HVO_RS01360	25
HVO_RS01365	884
HVO_RS01370	2702
HVO_RS01375	620
HVO_RS01380	1572
HVO_RS01385	1232
HVO_RS01390	5340
HVO_RS01395	1476
HVO_RS01400	1167
HVO_RS01405	10655
HVO_RS01410	286
HVO_RS01415	876
HVO_RS01420	129
HVO_RS01425	142
HVO_RS01430	1729
HVO_RS01435	735
HVO_RS01440	915
HVO_RS01445	170
HVO_RS01450	460
HVO_RS01455	168
HVO_RS01460	86
HVO_RS01465	17
HVO_RS01470	111
HVO_RS01475	929
HVO_RS01480	116
HVO_RS01485	433
HVO_RS01490	89
HVO_RS01495	637
HVO_RS01500	225
HVO_RS01505	10
HVO_RS01510	9
HVO_RS01515	96
HVO_RS01520	289
HVO_RS01525	970
HVO_RS01530	276
HVO_RS01535	92
HVO_RS01540	1700
HVO_RS01545	123
HVO_RS01550	1054
HVO_RS01555	1461
HVO_RS01560	70
HVO_RS01565	110
HVO_RS01570	112
HVO_RS01575	159
HVO_RS01580	34
HVO_RS01585	13
HVO_RS01590	14
HVO_RS01595	9
HVO_RS01600	359
HVO_RS01605	606
HVO_RS01610	16
HVO_RS01625	1
HVO_RS01630	9
HVO_RS01635	179
HVO_RS01640	29
HVO_RS01645	41
HVO_RS01650	20
HVO_RS01655	52
HVO_RS01660	257
HVO_RS01665	422
HVO_RS01670	88
HVO_RS01675	95
HVO_RS01680	228
HVO_RS01685	66
HVO_RS01690	13
HVO_RS01695	3508
HVO_RS01700	1801
HVO_RS01705	3797
HVO_RS01710	16264
HVO_RS01715	4182
HVO_RS01720	942
HVO_RS01725	7031
HVO_RS01730	8637
HVO_RS01735	30067
HVO_RS01740	291
HVO_RS01745	12560
HVO_RS01750	860
HVO_RS01755	1955
HVO_RS01760	1476
HVO_RS01765	251
HVO_RS01770	108
HVO_RS01775	1660
HVO_RS01780	626
HVO_RS01785	913
HVO_RS01790	750
HVO_RS01795	4805
HVO_RS01800	10215
HVO_RS01805	6550
HVO_RS01810	15708
HVO_RS01815	262
HVO_RS01820	1715
HVO_RS01825	8874
HVO_RS01830	4497
HVO_RS01835	9130
HVO_RS01840	3341
HVO_RS01845	0
HVO_RS01850	0
HVO_RS01855	0
HVO_RS01860	0
HVO_RS01865	0
HVO_RS01870	2606
HVO_RS01875	3099
HVO_RS01880	1493
HVO_RS01885	2708
HVO_RS01890	5545
HVO_RS01895	311
HVO_RS01900	11126
HVO_RS01905	1702
HVO_RS01910	4453
HVO_RS01915	5924
HVO_RS01920	11274
HVO_RS01925	562
HVO_RS01930	46
HVO_RS01935	10
HVO_RS01940	617
HVO_RS01945	690
HVO_RS01955	4112
HVO_RS01960	9102
HVO_RS01965	610
HVO_RS01970	435
HVO_RS01975	22038
HVO_RS01980	252
HVO_RS01990	2188
HVO_RS01995	577
HVO_RS02000	34
HVO_RS02005	44
HVO_RS02010	175
HVO_RS02015	12
HVO_RS02020	53
HVO_RS02025	27
HVO_RS02040	6909
HVO_RS02045	710
HVO_RS02050	1133
HVO_RS02060	4055
HVO_RS02065	196
HVO_RS02075	4981
HVO_RS02080	162
HVO_RS02085	1342
HVO_RS02090	589
HVO_RS02095	7367
HVO_RS02100	776
HVO_RS02105	82
HVO_RS02110	33
HVO_RS02115	12
HVO_RS02120	41
HVO_RS02130	450
HVO_RS02135	94
HVO_RS02140	40
HVO_RS02145	150
HVO_RS02150	92
HVO_RS02155	6
HVO_RS02160	83
HVO_RS02165	5160
HVO_RS02170	5369
HVO_RS02175	21954
HVO_RS02180	19
HVO_RS02185	109
HVO_RS02190	22
HVO_RS02195	70
HVO_RS02200	483
HVO_RS02205	275
HVO_RS02210	1610
HVO_RS02215	51
HVO_RS02220	18
HVO_RS02225	170
HVO_RS02230	473
HVO_RS02235	20
HVO_RS02240	159
HVO_RS02245	1129
HVO_RS02250	298
HVO_RS02255	1528
HVO_RS02260	426
HVO_RS02265	485
HVO_RS02270	8412
HVO_RS02275	2020
HVO_RS02280	144
HVO_RS02285	2442
HVO_RS02290	11
HVO_RS02295	4468
HVO_RS02300	3370
HVO_RS02305	80
HVO_RS02310	1303
HVO_RS02315	958
HVO_RS02320	3689
HVO_RS02325	1281
HVO_RS02330	12
HVO_RS02345	2976
HVO_RS02355	201
HVO_RS02365	79
HVO_RS02370	135
HVO_RS02375	87
HVO_RS02380	40
HVO_RS02385	707
HVO_RS02390	770
HVO_RS02395	509
HVO_RS02400	2818
HVO_RS02405	2600
HVO_RS02410	175
HVO_RS02415	0
HVO_RS02420	298
HVO_RS02425	451
HVO_RS02430	112
HVO_RS02435	962
HVO_RS02440	1182
HVO_RS02445	12
HVO_RS02450	993
HVO_RS02455	16259
HVO_RS02465	111
HVO_RS02470	944
HVO_RS02480	4218
HVO_RS02485	159
HVO_RS02490	7
HVO_RS02495	21
HVO_RS02500	844
HVO_RS02505	99180
HVO_RS02510	37612
HVO_RS02515	66218
HVO_RS02520	312587
HVO_RS02525	227322
HVO_RS02530	80
HVO_RS02535	499
HVO_RS02540	124
HVO_RS02545	483
HVO_RS02550	5645
HVO_RS02555	32
HVO_RS02560	2811
HVO_RS02565	10042
HVO_RS02570	13587
HVO_RS02575	2398
HVO_RS02580	12808
HVO_RS02585	4211
HVO_RS02590	11175
HVO_RS02595	629
HVO_RS02600	37
HVO_RS02605	513
HVO_RS02610	288
HVO_RS02615	198
HVO_RS02620	856
HVO_RS02625	580
HVO_RS02630	2645
HVO_RS02635	22264
HVO_RS02645	529
HVO_RS02650	1735
HVO_RS02655	164
HVO_RS02660	271
HVO_RS02665	1606
HVO_RS02670	4574
HVO_RS02675	5924
HVO_RS02680	1407
HVO_RS02685	2087
HVO_RS02690	32070
HVO_RS02695	296
HVO_RS02700	1271
HVO_RS02705	3263
HVO_RS02710	4810
HVO_RS02715	481
HVO_RS02720	423
HVO_RS02725	891
HVO_RS02730	143
HVO_RS02735	2251
HVO_RS02740	167
HVO_RS02745	198
HVO_RS02750	225
HVO_RS02755	25776
HVO_RS02760	39405
HVO_RS02765	12523
HVO_RS02770	12857
HVO_RS02775	6855
HVO_RS02780	388
HVO_RS02785	927
HVO_RS02790	302
HVO_RS02795	388
HVO_RS02800	203
HVO_RS02805	487
HVO_RS02810	359
HVO_RS02815	273
HVO_RS02820	89
HVO_RS02825	212
HVO_RS02830	134
HVO_RS02835	99
HVO_RS02840	162
HVO_RS02845	408
HVO_RS02850	222
HVO_RS02855	76
HVO_RS02860	7641
HVO_RS02865	788
HVO_RS02870	9656
HVO_RS02875	1040
HVO_RS02880	248
HVO_RS02885	982
HVO_RS02890	1493
HVO_RS02895	157
HVO_RS02900	5431
HVO_RS02905	2043
HVO_RS02910	15
HVO_RS02920	198
HVO_RS02930	3823
HVO_RS02935	1534
HVO_RS02940	1578
HVO_RS02945	99
HVO_RS02950	311
HVO_RS02955	265
HVO_RS02960	42
HVO_RS02965	1093
HVO_RS02970	387
HVO_RS02975	817
HVO_RS02980	1414
HVO_RS02985	2669
HVO_RS02990	12
HVO_RS02995	22
HVO_RS03000	692
HVO_RS03005	1449
HVO_RS03010	2487
HVO_RS03015	29
HVO_RS03020	5307
HVO_RS03025	1774
HVO_RS03035	1176
HVO_RS03040	369
HVO_RS03045	304
HVO_RS03050	24229
HVO_RS03055	828
HVO_RS03060	6403
HVO_RS03065	409
HVO_RS03070	2364
HVO_RS03075	825
HVO_RS03080	61
HVO_RS03085	4917
HVO_RS03090	862
HVO_RS03095	929
HVO_RS03100	218
HVO_RS03105	620
HVO_RS03110	65
HVO_RS03115	28
HVO_RS03120	1009
HVO_RS03125	1250
HVO_RS03130	2001
HVO_RS03135	456
HVO_RS03140	177
HVO_RS03145	2067
HVO_RS03150	43
HVO_RS03155	200
HVO_RS03160	104
HVO_RS03165	235
HVO_RS03170	72
HVO_RS03175	574
HVO_RS03180	62
HVO_RS03185	47
HVO_RS03190	1040
HVO_RS03195	148
HVO_RS03200	60
HVO_RS03205	303
HVO_RS03210	563
HVO_RS03215	93
HVO_RS03220	660
HVO_RS03225	476
HVO_RS03230	4462
HVO_RS03235	8
HVO_RS03240	113
HVO_RS03245	601
HVO_RS03250	865
HVO_RS03255	625
HVO_RS03260	329
HVO_RS03265	340
HVO_RS03270	5173
HVO_RS03275	14789
HVO_RS03280	1797
HVO_RS03285	4302
HVO_RS03290	46
HVO_RS03295	527
HVO_RS03300	695
HVO_RS03305	555
HVO_RS03315	2993
HVO_RS03320	1096
HVO_RS03325	2313
HVO_RS03330	883
HVO_RS03335	13891
HVO_RS03340	1701
HVO_RS03345	7299
HVO_RS03350	14490
HVO_RS03355	2206
HVO_RS03360	6344
HVO_RS03365	1135
HVO_RS03370	2606
HVO_RS03375	8703
HVO_RS03380	3348
HVO_RS03390	2091
HVO_RS03395	1451
HVO_RS03405	6881
HVO_RS03435	84
HVO_RS03440	17
HVO_RS03445	366
HVO_RS03450	132
HVO_RS03455	481
HVO_RS03460	598
HVO_RS03465	707
HVO_RS03470	1220
HVO_RS03475	27
HVO_RS03480	1141
HVO_RS03485	341
HVO_RS03490	65
HVO_RS03495	1043
HVO_RS03500	816
HVO_RS03505	1702
HVO_RS03515	1297
HVO_RS03520	106
HVO_RS03525	4501
HVO_RS03530	1906
HVO_RS03535	4208
HVO_RS03540	7688
HVO_RS03545	1755
HVO_RS03550	205
HVO_RS03555	104
HVO_RS03560	401
HVO_RS03565	421
HVO_RS03570	4361
HVO_RS03575	4494
HVO_RS03580	436
HVO_RS03585	4528
HVO_RS03600	9
HVO_RS03605	119
HVO_RS03610	2752
HVO_RS03615	1166
HVO_RS03620	1642
HVO_RS03625	2942
HVO_RS03630	523
HVO_RS03635	30
HVO_RS03645	3493
HVO_RS03650	231
HVO_RS03665	30
HVO_RS03670	547
HVO_RS03675	1040
HVO_RS03680	308
HVO_RS03685	373
HVO_RS03690	2
HVO_RS03695	224
HVO_RS03700	3746
HVO_RS03705	1317
HVO_RS03710	1053
HVO_RS03720	204
HVO_RS03730	72
HVO_RS03740	1554
HVO_RS03745	585
HVO_RS03750	1664
HVO_RS03755	2528
HVO_RS03765	573
HVO_RS03770	132
HVO_RS03775	696
HVO_RS03780	788
HVO_RS03785	583
HVO_RS03790	542
HVO_RS03795	6622
HVO_RS03800	2273
HVO_RS03805	1199
HVO_RS03810	156
HVO_RS03815	1694
HVO_RS03820	1610
HVO_RS03825	16
HVO_RS03830	102
HVO_RS03835	23
HVO_RS03840	533
HVO_RS03845	3833
HVO_RS03850	7980
HVO_RS03855	5286
HVO_RS03865	14
HVO_RS03870	42
HVO_RS03875	1607
HVO_RS03880	716
HVO_RS03885	159
HVO_RS03890	658
HVO_RS03895	492
HVO_RS03900	4520
HVO_RS03905	455
HVO_RS03910	9439
HVO_RS03915	3951
HVO_RS03920	6401
HVO_RS03925	5758
HVO_RS03930	1341
HVO_RS03935	1096
HVO_RS03940	801
HVO_RS03945	3839
HVO_RS03950	1337
HVO_RS03955	1484
HVO_RS03960	116831
HVO_RS03965	2033
HVO_RS03970	2549
HVO_RS03975	66
HVO_RS03980	625
HVO_RS03985	132
HVO_RS03990	901
HVO_RS03995	988
HVO_RS04000	552
HVO_RS04005	4469
HVO_RS04010	1777
HVO_RS04015	7025
HVO_RS04020	4776
HVO_RS04025	196
HVO_RS04030	158
HVO_RS04035	1073
HVO_RS04040	24
HVO_RS04045	73
HVO_RS04050	330
HVO_RS04055	6296
HVO_RS04060	7774
HVO_RS04065	2501
HVO_RS04070	4876
HVO_RS04075	1204
HVO_RS04080	18290
HVO_RS04085	3911
HVO_RS04090	16740
HVO_RS04095	792
HVO_RS04100	1095
HVO_RS04105	261
HVO_RS04110	32
HVO_RS04115	158
HVO_RS04120	30
HVO_RS04125	704
HVO_RS04130	31
HVO_RS04135	19
HVO_RS04140	35
HVO_RS04145	31
HVO_RS04150	41
HVO_RS04155	22
HVO_RS04160	1098
HVO_RS04165	346
HVO_RS04170	101
HVO_RS04175	462
HVO_RS04180	671
HVO_RS04185	1781
HVO_RS04190	1379
HVO_RS04195	625
HVO_RS04200	55
HVO_RS04205	197
HVO_RS04210	76
HVO_RS04215	66
HVO_RS04220	95
HVO_RS04225	25
HVO_RS04230	39
HVO_RS04235	101
HVO_RS04240	1152
HVO_RS04245	1588
HVO_RS04250	417
HVO_RS04255	933
HVO_RS04260	457
HVO_RS04265	26206
HVO_RS04270	220
HVO_RS04275	60
HVO_RS04280	3480
HVO_RS04285	717
HVO_RS04290	4852
HVO_RS04295	151012
HVO_RS04300	1642
HVO_RS04305	4329
HVO_RS04310	639
HVO_RS04315	9643
HVO_RS04320	1462
HVO_RS04325	1137
HVO_RS04330	5025
HVO_RS04340	35001
HVO_RS04345	6646
HVO_RS04350	3306
HVO_RS04355	2077
HVO_RS04360	10227
HVO_RS04365	516
HVO_RS04370	463
HVO_RS04375	2177
HVO_RS04380	60
HVO_RS04385	97
HVO_RS04390	60
HVO_RS04395	137
HVO_RS04400	587
HVO_RS04405	164
HVO_RS04410	99
HVO_RS04415	67
HVO_RS04420	58
HVO_RS04425	232
HVO_RS04430	14
HVO_RS04435	14
HVO_RS04440	44
HVO_RS04445	21
HVO_RS04450	23
HVO_RS04455	26
HVO_RS04460	771
HVO_RS04465	16980
HVO_RS04470	4369
HVO_RS04475	3992
HVO_RS04480	9908
HVO_RS04485	4593
HVO_RS04490	411
HVO_RS04495	6057
HVO_RS04500	194
HVO_RS04505	3918
HVO_RS04510	776
HVO_RS04515	81
HVO_RS04520	8498
HVO_RS04525	121
HVO_RS04530	98
HVO_RS04540	6946
HVO_RS04545	15279
HVO_RS04550	86
HVO_RS04555	393
HVO_RS04560	263
HVO_RS04565	717
HVO_RS04570	145
HVO_RS04580	229
HVO_RS04585	435
HVO_RS04590	1040
HVO_RS04595	3200
HVO_RS04600	12033
HVO_RS04605	2165
HVO_RS04610	1106
HVO_RS04615	3488
HVO_RS04620	2555
HVO_RS04625	720
HVO_RS04630	3322
HVO_RS04635	5185
HVO_RS04640	8550
HVO_RS04645	131408
HVO_RS04650	4517
HVO_RS04655	1593
HVO_RS04660	41276
HVO_RS04665	11934
HVO_RS04670	1075
HVO_RS04675	25863
HVO_RS04680	525
HVO_RS04685	2797
HVO_RS04690	635
HVO_RS04695	4502
HVO_RS04700	3018
HVO_RS04705	71575
HVO_RS04710	30552
HVO_RS04715	23228
HVO_RS04720	11306
HVO_RS04725	3574
HVO_RS04730	11630
HVO_RS04735	2111
HVO_RS04740	3393
HVO_RS04745	7821
HVO_RS04750	4694
HVO_RS04755	2358
HVO_RS04760	1666
HVO_RS04765	4324
HVO_RS04770	26029
HVO_RS04775	3298
HVO_RS04780	14407
HVO_RS04785	13309
HVO_RS04790	2527
HVO_RS04795	7043
HVO_RS04800	10122
HVO_RS04805	14992
HVO_RS04810	43662
HVO_RS04815	385
HVO_RS04820	4466
HVO_RS04825	90549
HVO_RS04830	1257
HVO_RS04835	8552
HVO_RS04840	4845
HVO_RS04845	10346
HVO_RS04850	1000
HVO_RS04855	1313
HVO_RS04860	253
HVO_RS04865	4743
HVO_RS04870	4954
HVO_RS04875	707
HVO_RS04880	3129
HVO_RS04885	3820
HVO_RS04890	24234
HVO_RS04895	267
HVO_RS04900	6361
HVO_RS04905	8777
HVO_RS04910	6139
HVO_RS04915	4316
HVO_RS04920	7473
HVO_RS04925	4991
HVO_RS04930	2301
HVO_RS04935	10713
HVO_RS04940	20398
HVO_RS04945	1064
HVO_RS04950	1419
HVO_RS04955	10510
HVO_RS04960	44617
HVO_RS04965	41251
HVO_RS04970	10657
HVO_RS04975	7683
HVO_RS04980	34849
HVO_RS04985	24346
HVO_RS04990	29887
HVO_RS04995	20978
HVO_RS05000	288090
HVO_RS05005	3606
HVO_RS05010	24472
HVO_RS05015	550
HVO_RS05020	6968
HVO_RS05025	901
HVO_RS05030	11925
HVO_RS05035	32448
HVO_RS05040	3803
HVO_RS05045	339
HVO_RS05050	621
HVO_RS05055	6047
HVO_RS05060	4490
HVO_RS05065	2593
HVO_RS05070	10148
HVO_RS05075	14683
HVO_RS05080	1016
HVO_RS05085	472
HVO_RS05090	6253
HVO_RS05095	2884
HVO_RS05105	310
HVO_RS05110	895
HVO_RS05115	2655
HVO_RS05120	6840
HVO_RS05125	292
HVO_RS05130	2022
HVO_RS05135	227
HVO_RS05140	10060
HVO_RS05145	2331
HVO_RS05150	310
HVO_RS05155	6215
HVO_RS05160	3311
HVO_RS05165	22107
HVO_RS05170	2073
HVO_RS05175	14429
HVO_RS05180	1194
HVO_RS05185	8480
HVO_RS05190	4444
HVO_RS05195	4048
HVO_RS05200	35371
HVO_RS05205	2470
HVO_RS05210	15339
HVO_RS05215	1200
HVO_RS05220	13565
HVO_RS05225	6157
HVO_RS05230	3186
HVO_RS05235	13272
HVO_RS05240	1732
HVO_RS05245	1250
HVO_RS05250	23408
HVO_RS05255	20592
HVO_RS05260	132793
HVO_RS05265	4679
HVO_RS05270	12509
HVO_RS05275	34042
HVO_RS05280	2029
HVO_RS05285	1637
HVO_RS05290	51853
HVO_RS05295	3421
HVO_RS05300	281
HVO_RS05305	9366
HVO_RS05310	4567
HVO_RS05315	6655
HVO_RS05320	879
HVO_RS05325	836
HVO_RS05330	543
HVO_RS05335	789
HVO_RS05340	631
HVO_RS05345	266340
HVO_RS05350	45295
HVO_RS05355	8709
HVO_RS05360	19104
HVO_RS05365	1065
HVO_RS05370	1098
HVO_RS05375	9041
HVO_RS05380	6789
HVO_RS05385	16955
HVO_RS05390	206
HVO_RS05395	80
HVO_RS05400	5965
HVO_RS05405	2247
HVO_RS05410	15392
HVO_RS05415	5126
HVO_RS05420	370
HVO_RS05425	1136
HVO_RS05430	158
HVO_RS05435	203
HVO_RS05440	251
HVO_RS05445	432
HVO_RS05450	164
HVO_RS05455	791
HVO_RS05460	1412
HVO_RS05465	14766
HVO_RS05470	136
HVO_RS05475	8146
HVO_RS05480	1370
HVO_RS05485	862
HVO_RS05490	9639
HVO_RS05495	5548
HVO_RS05500	17714
HVO_RS05505	3777
HVO_RS05510	3234
HVO_RS05515	2799
HVO_RS05520	44867
HVO_RS05525	528
HVO_RS05530	5865
HVO_RS05535	1211
HVO_RS05540	3936
HVO_RS05545	3149
HVO_RS05550	9951
HVO_RS05555	23813
HVO_RS05560	31664
HVO_RS05565	8093
HVO_RS05570	606
HVO_RS05575	1382
HVO_RS05580	19378
HVO_RS05585	259
HVO_RS05590	2190
HVO_RS05595	588
HVO_RS05600	20462
HVO_RS05605	48265
HVO_RS05610	4292
HVO_RS05615	1671
HVO_RS05620	3850
HVO_RS05625	8707
HVO_RS05630	11311
HVO_RS05635	1246
HVO_RS05640	4688
HVO_RS05645	41255
HVO_RS05650	3278
HVO_RS05655	51917
HVO_RS05660	8801
HVO_RS05665	1921
HVO_RS05670	7116
HVO_RS05675	941
HVO_RS05680	1348
HVO_RS05685	782
HVO_RS05690	25977
HVO_RS05695	8679
HVO_RS05700	338
HVO_RS05705	44817
HVO_RS05710	6211
HVO_RS05715	5742
HVO_RS05720	5266
HVO_RS05725	353
HVO_RS05730	2822
HVO_RS05735	1229
HVO_RS05740	11802
HVO_RS05745	118527
HVO_RS05750	7873
HVO_RS05755	235
HVO_RS05760	404
HVO_RS05765	698
HVO_RS05770	3337
HVO_RS05775	34439
HVO_RS05780	11736
HVO_RS05785	1297
HVO_RS05790	1674
HVO_RS05795	1026
HVO_RS05800	253
HVO_RS05805	287
HVO_RS05810	371855
HVO_RS05815	3877
HVO_RS05820	6919
HVO_RS05825	1229
HVO_RS05830	8130
HVO_RS05835	1506
HVO_RS05840	8247
HVO_RS05845	7332
HVO_RS05850	5082
HVO_RS05855	3998
HVO_RS05860	12880
HVO_RS05865	1746
HVO_RS05870	43695
HVO_RS05875	22466
HVO_RS05880	13554
HVO_RS05885	4977
HVO_RS05890	2972
HVO_RS05895	3218
HVO_RS05900	10370
HVO_RS05905	1606
HVO_RS05910	268
HVO_RS05915	13910
HVO_RS05920	245
HVO_RS05925	503
HVO_RS05930	2261
HVO_RS05935	222
HVO_RS05940	1134
HVO_RS05945	137
HVO_RS05950	3848
HVO_RS05955	687
HVO_RS05960	454
HVO_RS05965	987
HVO_RS05975	113
HVO_RS05985	63
HVO_RS05990	561
HVO_RS05995	867
HVO_RS06000	34
HVO_RS06005	4
HVO_RS06010	29
HVO_RS06015	204
HVO_RS06020	22
HVO_RS06025	56
HVO_RS06030	68
HVO_RS06035	60
HVO_RS06040	12
HVO_RS06045	56
HVO_RS06050	14
HVO_RS06055	316
HVO_RS06060	1631
HVO_RS06065	4567
HVO_RS06070	24048
HVO_RS06075	2178
HVO_RS06080	1039
HVO_RS06085	1340
HVO_RS06090	21429
HVO_RS06095	2580
HVO_RS06100	18484
HVO_RS06105	39212
HVO_RS06110	62310
HVO_RS06115	613
HVO_RS06120	984
HVO_RS06125	248
HVO_RS06130	3421
HVO_RS06135	2077
HVO_RS06140	11505
HVO_RS06145	698
HVO_RS06150	13879
HVO_RS06155	1917
HVO_RS06160	14234
HVO_RS06165	10613
HVO_RS06170	11464
HVO_RS06175	12651
HVO_RS06180	18881
HVO_RS06185	14291
HVO_RS06190	578
HVO_RS06195	43053
HVO_RS06200	28194
HVO_RS06205	42679
HVO_RS06210	45453
HVO_RS06215	32747
HVO_RS06220	106881
HVO_RS06225	14888
HVO_RS06230	239618
HVO_RS06235	231839
HVO_RS06240	5969
HVO_RS06245	53558
HVO_RS06250	1437
HVO_RS06255	57781
HVO_RS06260	40516
HVO_RS06265	40639
HVO_RS06270	13706
HVO_RS06275	5737
HVO_RS06280	909
HVO_RS06285	56146
HVO_RS06290	1306
HVO_RS06295	7343
HVO_RS06300	1358
HVO_RS06305	6
HVO_RS06310	10232
HVO_RS06315	1490
HVO_RS06320	10332
HVO_RS06325	12925
HVO_RS06330	11671
HVO_RS06335	8926
HVO_RS06340	836
HVO_RS06345	237
HVO_RS06350	1120
HVO_RS06355	594
HVO_RS06360	4069
HVO_RS06365	7233
HVO_RS06370	6118
HVO_RS06375	31392
HVO_RS06380	62983
HVO_RS06385	164922
HVO_RS06390	67521
HVO_RS06395	30594
HVO_RS06400	3896
HVO_RS06405	123138
HVO_RS06410	186176
HVO_RS06415	116
HVO_RS06420	853917
HVO_RS06425	6438
HVO_RS06430	6607
HVO_RS06435	1363154
HVO_RS06440	246844
HVO_RS06445	3723
HVO_RS06450	1839
HVO_RS06455	155
HVO_RS06460	1
HVO_RS06465	46
HVO_RS06470	42
HVO_RS06475	380
HVO_RS06480	25
HVO_RS06485	12
HVO_RS06490	300
HVO_RS06495	45
HVO_RS06500	18
HVO_RS06505	37
HVO_RS06510	66
HVO_RS06515	110
HVO_RS06520	69
HVO_RS06525	899
HVO_RS06530	2012
HVO_RS06535	2279
HVO_RS06540	256
HVO_RS06545	316
HVO_RS06550	12
HVO_RS06555	1569
HVO_RS06560	1203
HVO_RS06565	3628
HVO_RS06570	21424
HVO_RS06575	11582
HVO_RS06580	6237
HVO_RS06585	1320
HVO_RS06590	5890
HVO_RS06595	23566
HVO_RS06600	234
HVO_RS06605	1375
HVO_RS06610	4680
HVO_RS06615	7067
HVO_RS06620	5593
HVO_RS06625	13565
HVO_RS06630	24918
HVO_RS06635	62503
HVO_RS06640	24459
HVO_RS06645	38358
HVO_RS06655	14960
HVO_RS06660	5846
HVO_RS06665	2880
HVO_RS06670	2774
HVO_RS06675	463
HVO_RS06680	3582
HVO_RS06685	1482
HVO_RS06690	8180
HVO_RS06695	43287
HVO_RS06700	4197
HVO_RS06705	6114
HVO_RS06710	988
HVO_RS06715	37909
HVO_RS06720	60103
HVO_RS06725	12199
HVO_RS06730	3077
HVO_RS06735	37748
HVO_RS06740	1058
HVO_RS06745	193
HVO_RS06750	929
HVO_RS06755	708
HVO_RS06760	6741
HVO_RS06765	2310
HVO_RS06770	3702
HVO_RS06775	307
HVO_RS06780	3562
HVO_RS06785	1259
HVO_RS06790	782
HVO_RS06795	1392
HVO_RS06800	20111
HVO_RS06805	24409
HVO_RS06810	19612
HVO_RS06815	942
HVO_RS06820	1631
HVO_RS06825	5321
HVO_RS06830	1114
HVO_RS06835	3434
HVO_RS06840	12718
HVO_RS06845	16920
HVO_RS06850	63131
HVO_RS06855	10607
HVO_RS06860	7137
HVO_RS06865	5065
HVO_RS06870	982
HVO_RS06875	59520
HVO_RS06880	3115
HVO_RS06885	24771
HVO_RS06890	197213
HVO_RS06895	8968
HVO_RS06900	11792
HVO_RS06905	19971
HVO_RS06910	1370
HVO_RS06915	8528
HVO_RS06920	489
HVO_RS06925	2615
HVO_RS06930	14904
HVO_RS06935	1595
HVO_RS06940	19637
HVO_RS06945	2714
HVO_RS06950	29004
HVO_RS06955	5679
HVO_RS06960	2927
HVO_RS06965	3168
HVO_RS06970	2716
HVO_RS06975	4792
HVO_RS06980	374
HVO_RS06985	239
HVO_RS06990	5124
HVO_RS06995	1242
HVO_RS07000	8532
HVO_RS07005	8399
HVO_RS07010	3508
HVO_RS07015	3467
HVO_RS07020	609
HVO_RS07025	10242
HVO_RS07030	157105
HVO_RS07035	42830
HVO_RS07040	1927
HVO_RS07045	87612
HVO_RS07050	1963
HVO_RS07055	2642
HVO_RS07060	169
HVO_RS07065	124952
HVO_RS07070	46568
HVO_RS07075	26801
HVO_RS07080	3041
HVO_RS07085	38963
HVO_RS07090	5865
HVO_RS07095	745
HVO_RS07100	2035
HVO_RS07105	308160
HVO_RS07110	44776
HVO_RS07115	1569
HVO_RS07120	3675
HVO_RS07125	971
HVO_RS07130	110
HVO_RS07135	2217
HVO_RS07140	131
HVO_RS07145	208
HVO_RS07150	4591
HVO_RS07155	1669
HVO_RS07160	8637
HVO_RS07165	1863
HVO_RS07170	1172
HVO_RS07175	12861
HVO_RS07180	259
HVO_RS07185	558
HVO_RS07190	1931
HVO_RS07195	246
HVO_RS07200	612
HVO_RS07205	6837
HVO_RS07210	1007
HVO_RS07215	34750
HVO_RS07220	4184
HVO_RS07225	3623
HVO_RS07230	8570
HVO_RS07235	1381
HVO_RS07240	2751
HVO_RS07245	258
HVO_RS07250	287
HVO_RS07260	64968
HVO_RS07265	16631
HVO_RS07270	9980
HVO_RS07275	17249
HVO_RS07280	5074
HVO_RS07285	25600
HVO_RS07290	1501
HVO_RS07295	7453
HVO_RS07300	933
HVO_RS07305	47092
HVO_RS07310	2151
HVO_RS07315	3617
HVO_RS07320	17345
HVO_RS07325	8752
HVO_RS07330	5627
HVO_RS07335	2924
HVO_RS07340	6898
HVO_RS07345	937
HVO_RS07350	12403
HVO_RS07355	7569
HVO_RS07360	2449
HVO_RS07365	7240
HVO_RS07370	3420
HVO_RS07375	1422
HVO_RS07380	1884
HVO_RS07385	2414
HVO_RS07390	837
HVO_RS07395	180555
HVO_RS07400	1696
HVO_RS07405	1026
HVO_RS07410	2130
HVO_RS07415	803
HVO_RS07420	761
HVO_RS07425	957
HVO_RS07430	9296
HVO_RS07435	13264
HVO_RS07440	8889
HVO_RS07445	824
HVO_RS07450	3146
HVO_RS07455	19844
HVO_RS07460	6006
HVO_RS07465	532
HVO_RS07470	2173
HVO_RS07475	766
HVO_RS07480	374
HVO_RS07485	6205
HVO_RS07490	11228
HVO_RS07495	434050
HVO_RS07500	143278
HVO_RS07505	9868
HVO_RS07510	358
HVO_RS07515	3147
HVO_RS07520	6817
HVO_RS07525	4279
HVO_RS07530	1927
HVO_RS07535	4629
HVO_RS07540	4603
HVO_RS07545	4157
HVO_RS07550	3517
HVO_RS07555	1673
HVO_RS07560	12789
HVO_RS07565	3113
HVO_RS07570	4800
HVO_RS07575	1816
HVO_RS07580	851
HVO_RS07585	3294
HVO_RS07590	4446
HVO_RS07595	5789
HVO_RS07600	393
HVO_RS07605	255
HVO_RS07610	3282
HVO_RS07615	1075
HVO_RS07620	1301
HVO_RS07625	807
HVO_RS07630	494
HVO_RS07635	481
HVO_RS07640	610
HVO_RS07645	1664
HVO_RS07650	1085
HVO_RS07655	1484
HVO_RS07660	179
HVO_RS07665	921
HVO_RS07670	576
HVO_RS07675	617
HVO_RS07680	1908
HVO_RS07685	2614
HVO_RS07690	5735
HVO_RS07695	543
HVO_RS07700	409
HVO_RS07705	2251
HVO_RS07710	919
HVO_RS07715	1520
HVO_RS07720	13051
HVO_RS07725	96455
HVO_RS07730	7025
HVO_RS07735	3865
HVO_RS07740	1315
HVO_RS07745	6349
HVO_RS07750	6353
HVO_RS07755	27650
HVO_RS07760	1572
HVO_RS07765	491
HVO_RS07770	2043
HVO_RS07775	492
HVO_RS07780	2069
HVO_RS07785	4774
HVO_RS07790	1744
HVO_RS07795	718
HVO_RS07800	1976
HVO_RS07805	3587
HVO_RS07810	1531
HVO_RS07815	7020
HVO_RS07820	5782
HVO_RS07825	26420
HVO_RS07830	28739
HVO_RS07835	1206
HVO_RS07840	455
HVO_RS07845	17212
HVO_RS07850	9901
HVO_RS07855	6898
HVO_RS07860	960
HVO_RS07865	8734
HVO_RS07870	1240
HVO_RS07875	862
HVO_RS07880	857
HVO_RS07885	974
HVO_RS07890	399
HVO_RS07895	663
HVO_RS07900	2854
HVO_RS07905	638
HVO_RS07910	1073
HVO_RS07915	2116
HVO_RS07920	2266
HVO_RS07925	2605
HVO_RS07930	161
HVO_RS07935	1196
HVO_RS07940	9169
HVO_RS07945	48523
HVO_RS07950	1107
HVO_RS07955	224438
HVO_RS07965	319
HVO_RS07970	17513
HVO_RS07975	11177
HVO_RS07980	5014
HVO_RS07985	843
HVO_RS07990	30775
HVO_RS07995	717
HVO_RS08000	203
HVO_RS08005	6212
HVO_RS08010	15639
HVO_RS08015	47027
HVO_RS08020	9940
HVO_RS08025	2614
HVO_RS08030	8385
HVO_RS08035	2286
HVO_RS08040	37766
HVO_RS08045	1093
HVO_RS08050	28040
HVO_RS08055	2454
HVO_RS08060	120740
HVO_RS08065	1924
HVO_RS08070	53047
HVO_RS08075	14068
HVO_RS08080	6517
HVO_RS08085	2271
HVO_RS08090	1084
HVO_RS08095	60505
HVO_RS08100	5695
HVO_RS08105	3329
HVO_RS08110	2759
HVO_RS08115	4555
HVO_RS08120	9396
HVO_RS08125	1847
HVO_RS08130	3231
HVO_RS08135	4787
HVO_RS08140	3453
HVO_RS08145	58671
HVO_RS08150	3329
HVO_RS08155	11293
HVO_RS08160	6967
HVO_RS08165	27214
HVO_RS08170	1511
HVO_RS08175	696
HVO_RS08180	5031
HVO_RS08185	23143
HVO_RS08190	2196
HVO_RS08195	3563
HVO_RS08200	17684
HVO_RS08205	102827
HVO_RS08210	5944
HVO_RS08215	3226
HVO_RS08220	21205
HVO_RS08225	10487
HVO_RS08230	10243
HVO_RS08235	2854
HVO_RS08240	16849
HVO_RS08245	15365
HVO_RS08250	2688
HVO_RS08255	10090
HVO_RS08260	6765
HVO_RS08265	13342
HVO_RS08270	483
HVO_RS08275	564
HVO_RS08280	78
HVO_RS08285	36
HVO_RS08290	220
HVO_RS08295	239
HVO_RS08300	166
HVO_RS08305	21
HVO_RS08310	173
HVO_RS08315	2548
HVO_RS08320	2962
HVO_RS08325	4315
HVO_RS08330	3793
HVO_RS08335	4714
HVO_RS08340	1744
HVO_RS08345	3744
HVO_RS08350	1071
HVO_RS08355	8495
HVO_RS08360	364399
HVO_RS08365	14236
HVO_RS08370	2663
HVO_RS08375	3004
HVO_RS08380	30858
HVO_RS08385	116855
HVO_RS08390	8020
HVO_RS08395	754
HVO_RS08400	193
HVO_RS08405	47773
HVO_RS08410	22262
HVO_RS08415	4967
HVO_RS08420	243
HVO_RS08425	362
HVO_RS08430	72748
HVO_RS08435	1864
HVO_RS08440	6392
HVO_RS08445	7168
HVO_RS08450	34419
HVO_RS08455	125093
HVO_RS08460	1910
HVO_RS08465	991
HVO_RS08470	925
HVO_RS08475	1289
HVO_RS08480	1667
HVO_RS08485	3731
HVO_RS08490	2017
HVO_RS08495	1247
HVO_RS08500	26774
HVO_RS08505	8185
HVO_RS08510	8512
HVO_RS08515	39223
HVO_RS08520	2031
HVO_RS08525	4485
HVO_RS08530	20658
HVO_RS08535	1762
HVO_RS08540	16033
HVO_RS08545	39399
HVO_RS08550	4306
HVO_RS08555	12625
HVO_RS08560	11866
HVO_RS08565	61258
HVO_RS08570	3338
HVO_RS08575	9415
HVO_RS08580	53932
HVO_RS08585	2295
HVO_RS08590	1662
HVO_RS08595	11681
HVO_RS08600	986
HVO_RS08605	737
HVO_RS08610	10278
HVO_RS08615	1057
HVO_RS08620	12748
HVO_RS08625	8268
HVO_RS08630	24552
HVO_RS08635	6896
HVO_RS08640	1059
HVO_RS08645	2432
HVO_RS08650	6158
HVO_RS08655	14877
HVO_RS08660	21376
HVO_RS08665	14488
HVO_RS08670	4920
HVO_RS08675	5200
HVO_RS08680	5859
HVO_RS08685	2580
HVO_RS08690	7038
HVO_RS08695	5746
HVO_RS08700	810
HVO_RS08705	4339
HVO_RS08710	23587
HVO_RS08715	11400
HVO_RS08720	5248
HVO_RS08725	11668
HVO_RS08730	1051
HVO_RS08735	81965
HVO_RS08740	52990
HVO_RS08745	26399
HVO_RS08750	61271
HVO_RS08755	29801
HVO_RS08760	5467
HVO_RS08765	6601
HVO_RS08770	107060
HVO_RS08775	1512
HVO_RS08780	66
HVO_RS08785	9886
HVO_RS08790	22183
HVO_RS08795	1636
HVO_RS08800	5173
HVO_RS08805	468
HVO_RS08810	41985
HVO_RS08815	150715
HVO_RS08820	210055
HVO_RS08825	176464
HVO_RS08830	16738
HVO_RS08835	10965
HVO_RS08840	166
HVO_RS08845	7144
HVO_RS08850	15812
HVO_RS08855	567
HVO_RS08860	14891
HVO_RS08865	8259
HVO_RS08870	8715
HVO_RS08875	36874
HVO_RS08880	203
HVO_RS08885	1226
HVO_RS08890	25903
HVO_RS08895	506
HVO_RS08900	3832
HVO_RS08905	645
HVO_RS08910	3877
HVO_RS08915	4971
HVO_RS08920	553166
HVO_RS08925	4382
HVO_RS08930	11222
HVO_RS08935	2699
HVO_RS08940	10385
HVO_RS08945	232
HVO_RS08950	64037
HVO_RS08955	92902
HVO_RS08960	10459
HVO_RS08965	2990
HVO_RS08970	3293
HVO_RS08975	9426
HVO_RS08980	4687
HVO_RS08985	10486
HVO_RS08990	352
HVO_RS08995	1824
HVO_RS09000	563
HVO_RS09005	854
HVO_RS09010	203
HVO_RS09015	408
HVO_RS09020	233
HVO_RS09025	347
HVO_RS09030	377
HVO_RS09035	1217
HVO_RS09040	2494
HVO_RS09045	53020
HVO_RS09050	13044
HVO_RS09055	2335
HVO_RS09060	255
HVO_RS09065	58373
HVO_RS09070	3330
HVO_RS09075	5223
HVO_RS09080	26466
HVO_RS09085	6041
HVO_RS09090	4698
HVO_RS09095	1010
HVO_RS09100	3750
HVO_RS09105	4701
HVO_RS09110	521
HVO_RS09115	73
HVO_RS09120	255
HVO_RS09125	158
HVO_RS09130	105
HVO_RS09140	1715
HVO_RS09145	6259
HVO_RS09150	11401
HVO_RS09155	682
HVO_RS09160	137
HVO_RS09165	2011
HVO_RS09170	14798
HVO_RS09175	1964
HVO_RS09180	236
HVO_RS09185	2622
HVO_RS09190	3745
HVO_RS09195	4397
HVO_RS09200	43738
HVO_RS09205	16072
HVO_RS09210	5967
HVO_RS09215	19431
HVO_RS09220	49591
HVO_RS09225	77172
HVO_RS09230	6451
HVO_RS09235	18840
HVO_RS09240	10315
HVO_RS09245	1108
HVO_RS09250	13332
HVO_RS09255	1235
HVO_RS09260	3405
HVO_RS09265	6335
HVO_RS09270	1288
HVO_RS09275	231
HVO_RS09280	317
HVO_RS09285	1307
HVO_RS09290	504
HVO_RS09295	2166
HVO_RS09300	930
HVO_RS09305	6473
HVO_RS09310	3585
HVO_RS09315	2149
HVO_RS09320	41487
HVO_RS09325	9929
HVO_RS09330	1511
HVO_RS09335	747
HVO_RS09340	3339
HVO_RS09345	5911
HVO_RS09350	5794
HVO_RS09355	46346
HVO_RS09360	51256
HVO_RS09365	5527
HVO_RS09370	2678
HVO_RS09375	5356
HVO_RS09380	3564
HVO_RS09385	65818
HVO_RS09390	43643
HVO_RS09395	153498
HVO_RS09400	53312
HVO_RS09405	49084
HVO_RS09410	7744
HVO_RS09415	6659
HVO_RS09420	2538
HVO_RS09425	92723
HVO_RS09430	61261
HVO_RS09435	75465
HVO_RS09440	162
HVO_RS09445	12739
HVO_RS09450	14633
HVO_RS09455	3367
HVO_RS09460	2493
HVO_RS09465	2946
HVO_RS09470	5174
HVO_RS09475	5885
HVO_RS09480	947
HVO_RS09485	50377
HVO_RS09490	139479
HVO_RS09495	205
HVO_RS09500	123
HVO_RS09505	1445
HVO_RS09510	10589
HVO_RS09515	2595
HVO_RS09520	5589
HVO_RS09525	2655
HVO_RS09530	604
HVO_RS09535	86
HVO_RS09540	11819
HVO_RS09545	484
HVO_RS09550	242
HVO_RS09555	2703
HVO_RS09560	17992
HVO_RS09565	14001
HVO_RS09570	3269
HVO_RS09575	5234
HVO_RS09580	2145
HVO_RS09585	51894
HVO_RS09590	693
HVO_RS09595	66240
HVO_RS09600	1651
HVO_RS09605	4772
HVO_RS09610	6240
HVO_RS09615	2601
HVO_RS09620	12039
HVO_RS09625	2743
HVO_RS09630	20087
HVO_RS09635	2077
HVO_RS09640	5326
HVO_RS09645	5960
HVO_RS09650	17057
HVO_RS09655	1483
HVO_RS09660	3627
HVO_RS09665	6203
HVO_RS09670	2233
HVO_RS09675	1212
HVO_RS09680	14386
HVO_RS09685	9191
HVO_RS09690	1065
HVO_RS09695	16920
HVO_RS09700	1692
HVO_RS09705	4679
HVO_RS09710	2212
HVO_RS09715	7581
HVO_RS09720	1652
HVO_RS09725	8596
HVO_RS09730	20414
HVO_RS09735	17990
HVO_RS09740	1372
HVO_RS09745	2762
HVO_RS09750	4504
HVO_RS09755	23331
HVO_RS09760	8784
HVO_RS09765	4370
HVO_RS09770	9991
HVO_RS09775	29317
HVO_RS09780	8141
HVO_RS09785	1263
HVO_RS09790	6920
HVO_RS09795	9442
HVO_RS09800	2621
HVO_RS09805	966
HVO_RS09810	6571
HVO_RS09815	8158
HVO_RS09820	1037
HVO_RS09825	856
HVO_RS09830	18457
HVO_RS09835	4430
HVO_RS09840	13069
HVO_RS09845	44507
HVO_RS09850	9629
HVO_RS09855	4266
HVO_RS09860	1174
HVO_RS09865	20250
HVO_RS09870	3720
HVO_RS09875	1093
HVO_RS09880	13369
HVO_RS09885	67109
HVO_RS09890	7114
HVO_RS09895	18224
HVO_RS09900	25957
HVO_RS09905	4100
HVO_RS09910	6469
HVO_RS09915	549
HVO_RS09920	41002
HVO_RS09925	40803
HVO_RS09930	2107
HVO_RS09935	24045
HVO_RS09940	52440
HVO_RS09945	4477
HVO_RS09950	3566
HVO_RS09955	3773
HVO_RS09960	4053
HVO_RS09965	3068
HVO_RS09970	1286
HVO_RS09975	3457
HVO_RS09980	2394
HVO_RS09985	1509
HVO_RS09990	4725
HVO_RS09995	2227
HVO_RS10000	3727
HVO_RS10005	5010
HVO_RS10010	47
HVO_RS10020	1680
HVO_RS10025	713
HVO_RS10030	1981
HVO_RS10035	35141
HVO_RS10040	2006
HVO_RS10045	2832
HVO_RS10050	1688
HVO_RS10055	474
HVO_RS10060	8207
HVO_RS10065	14662
HVO_RS10070	93670
HVO_RS10075	13398
HVO_RS10080	35917
HVO_RS10085	63279
HVO_RS10090	8664
HVO_RS10095	16397
HVO_RS10100	2166
HVO_RS10105	21213
HVO_RS10110	6618
HVO_RS10115	343
HVO_RS10120	5848
HVO_RS10125	5878
HVO_RS10130	34759
HVO_RS10135	13607
HVO_RS10140	44153
HVO_RS10145	181888
HVO_RS10150	51356
HVO_RS10155	4464
HVO_RS10160	219
HVO_RS10165	2876
HVO_RS10170	46986
HVO_RS10175	33951
HVO_RS10180	7164
HVO_RS10185	1714
HVO_RS10190	1564
HVO_RS10195	6046
HVO_RS10200	6431
HVO_RS10205	54036
HVO_RS10210	8941
HVO_RS10215	33561
HVO_RS10220	146875
HVO_RS10225	17137
HVO_RS10230	70134
HVO_RS10235	169145
HVO_RS10240	7405
HVO_RS10245	1013
HVO_RS10250	243
HVO_RS10255	766
HVO_RS10260	464
HVO_RS10265	341
HVO_RS10270	2434
HVO_RS10275	7509
HVO_RS10280	1051
HVO_RS10285	51974
HVO_RS10290	1161
HVO_RS10295	21551
HVO_RS10300	26906
HVO_RS10305	5737
HVO_RS10310	1265
HVO_RS10315	10763
HVO_RS10320	6301
HVO_RS10325	26929
HVO_RS10330	7787
HVO_RS10335	10548
HVO_RS10340	6201
HVO_RS10345	16557
HVO_RS10350	3558
HVO_RS10355	9761
HVO_RS10360	3451
HVO_RS10365	6069
HVO_RS10370	687
HVO_RS10375	8985
HVO_RS10380	960
HVO_RS10385	1764
HVO_RS10390	8478
HVO_RS10395	8271
HVO_RS10400	49115
HVO_RS10405	23949
HVO_RS10410	2580
HVO_RS10415	84942
HVO_RS10420	4538
HVO_RS10425	7660
HVO_RS10430	385
HVO_RS10435	98
HVO_RS10440	208
HVO_RS10445	632
HVO_RS10450	477
HVO_RS10455	32143
HVO_RS10460	25409
HVO_RS10465	8838
HVO_RS10470	6083
HVO_RS10475	5742
HVO_RS10480	3055
HVO_RS10485	12121
HVO_RS10490	1437
HVO_RS10495	6604
HVO_RS10500	3616
HVO_RS10505	16460
HVO_RS10510	549
HVO_RS10515	28473
HVO_RS10520	42279
HVO_RS10525	4865
HVO_RS10530	5768
HVO_RS10535	769
HVO_RS10540	645
HVO_RS10545	863
HVO_RS10550	4068
HVO_RS10555	3107
HVO_RS10560	2684
HVO_RS10565	263
HVO_RS10570	2207
HVO_RS10575	2348
HVO_RS10580	9481
HVO_RS10585	3681
HVO_RS10590	5775
HVO_RS10595	59
HVO_RS10600	4560
HVO_RS10605	132994
HVO_RS10610	871
HVO_RS10615	954
HVO_RS10620	700
HVO_RS10625	313
HVO_RS10630	2725
HVO_RS10635	1698
HVO_RS10640	819
HVO_RS10645	283
HVO_RS10650	3794
HVO_RS10655	1364
HVO_RS10660	3900
HVO_RS10665	8805
HVO_RS10670	10695
HVO_RS10675	10095
HVO_RS10680	1849
HVO_RS10685	2790
HVO_RS10690	15384
HVO_RS10695	3564
HVO_RS10700	3730
HVO_RS10705	26776
HVO_RS10710	24729
HVO_RS10715	2586
HVO_RS10720	1710
HVO_RS10725	1862
HVO_RS10730	1199
HVO_RS10735	892
HVO_RS10740	1028
HVO_RS10745	2201
HVO_RS10750	1412
HVO_RS10755	1732
HVO_RS10760	1411
HVO_RS10765	488
HVO_RS10770	948
HVO_RS10775	2462
HVO_RS10780	3448
HVO_RS10785	3549
HVO_RS10790	10711
HVO_RS10795	525
HVO_RS10800	22583
HVO_RS10805	4932
HVO_RS10810	97357
HVO_RS10815	14060
HVO_RS10820	18858
HVO_RS10825	19817
HVO_RS10830	33728
HVO_RS10835	1613
HVO_RS10840	4031
HVO_RS10845	2447
HVO_RS10850	3596
HVO_RS10855	954
HVO_RS10860	2189
HVO_RS10865	1896
HVO_RS10870	7298
HVO_RS10875	14038
HVO_RS10880	47
HVO_RS10885	5661
HVO_RS10890	9131
HVO_RS10895	46302
HVO_RS10900	25756
HVO_RS10905	11574
HVO_RS10910	275
HVO_RS10915	6094
HVO_RS10920	14899
HVO_RS10925	6029
HVO_RS10930	929
HVO_RS10935	2096
HVO_RS10940	225
HVO_RS10945	1308
HVO_RS10960	7308
HVO_RS10965	11233
HVO_RS10970	5628
HVO_RS10975	5385
HVO_RS10980	186140
HVO_RS10985	422059
HVO_RS10990	6495
HVO_RS10995	1005
HVO_RS11000	285
HVO_RS11005	5641
HVO_RS11010	17106
HVO_RS11015	40963
HVO_RS11020	5430
HVO_RS11025	3277
HVO_RS11030	3828
HVO_RS11035	4000
HVO_RS11040	865
HVO_RS11050	2940
HVO_RS11055	123
HVO_RS11060	968
HVO_RS11065	1838
HVO_RS11070	2921
HVO_RS11075	2304
HVO_RS11080	734
HVO_RS11090	12614
HVO_RS11095	727
HVO_RS11100	301
HVO_RS11105	946
HVO_RS11110	4851
HVO_RS11115	2085
HVO_RS11120	8167
HVO_RS11125	542
HVO_RS11130	562
HVO_RS11135	9708
HVO_RS11140	37385
HVO_RS11145	23570
HVO_RS11150	1685
HVO_RS11155	3737
HVO_RS11160	2225
HVO_RS11165	4416
HVO_RS11170	2025
HVO_RS11175	28338
HVO_RS11180	3089
HVO_RS11185	33373
HVO_RS11190	4074
HVO_RS11195	3383
HVO_RS11200	1012
HVO_RS11205	7185
HVO_RS11210	16647
HVO_RS11215	926
HVO_RS11220	6546
HVO_RS11225	6894
HVO_RS11230	729
HVO_RS11235	10496
HVO_RS11240	28166
HVO_RS11245	5849
HVO_RS11250	6251
HVO_RS11255	9122
HVO_RS11260	460
HVO_RS11265	226
HVO_RS11270	99
HVO_RS11275	831
HVO_RS11280	72
HVO_RS11285	453
HVO_RS11290	7326
HVO_RS11295	9277
HVO_RS11300	27793
HVO_RS11305	6361
HVO_RS11310	6262
HVO_RS11315	6727
HVO_RS11320	5172
HVO_RS11325	13767
HVO_RS11330	1159
HVO_RS11335	4853
HVO_RS11340	4663
HVO_RS11350	9119
HVO_RS11355	2325
HVO_RS11360	13885
HVO_RS11365	14567
HVO_RS11370	3993
HVO_RS11375	11080
HVO_RS11380	218
HVO_RS11385	3401
HVO_RS11390	6015
HVO_RS11395	10623
HVO_RS11400	11963
HVO_RS11405	25512
HVO_RS11410	1515
HVO_RS11415	7597
HVO_RS11420	34653
HVO_RS11425	7134
HVO_RS11430	10703
HVO_RS11435	33378
HVO_RS11440	6114
HVO_RS11445	7227
HVO_RS11450	29757
HVO_RS11455	113130
HVO_RS11460	26951
HVO_RS11465	3493
HVO_RS11470	965
HVO_RS11475	1730
HVO_RS11480	1064
HVO_RS11485	5776
HVO_RS11490	362
HVO_RS11495	568
HVO_RS11500	1281
HVO_RS11505	443
HVO_RS11510	20187
HVO_RS11515	5546
HVO_RS11520	4690
HVO_RS11525	3145
HVO_RS11530	3374
HVO_RS11540	1085
HVO_RS11545	965
HVO_RS11555	1026
HVO_RS11560	2012
HVO_RS11565	1023
HVO_RS11575	2119
HVO_RS11580	259
HVO_RS11585	22
HVO_RS11590	37
HVO_RS11595	65
HVO_RS11600	3063
HVO_RS11605	1283
HVO_RS11610	3380
HVO_RS11615	761
HVO_RS11625	3106
HVO_RS11630	5180
HVO_RS11635	39856
HVO_RS11640	2669
HVO_RS11645	20462
HVO_RS11650	17965
HVO_RS11655	1217
HVO_RS11660	1385
HVO_RS11665	1436
HVO_RS11670	17702
HVO_RS11675	6712
HVO_RS11680	4209
HVO_RS11685	4408
HVO_RS11690	197
HVO_RS11695	1091
HVO_RS11700	4851
HVO_RS11705	18796
HVO_RS11710	3537
HVO_RS11715	12288
HVO_RS11720	12706
HVO_RS11725	6931
HVO_RS11730	2579
HVO_RS11735	6367
HVO_RS11740	12306
HVO_RS11745	1147
HVO_RS11750	1304
HVO_RS11755	2423
HVO_RS11760	5525
HVO_RS11765	7650
HVO_RS11770	8909
HVO_RS11775	436
HVO_RS11780	742
HVO_RS11785	3923
HVO_RS11790	9055
HVO_RS11795	12779
HVO_RS11800	6620
HVO_RS11805	5639
HVO_RS11810	12711
HVO_RS11815	3642
HVO_RS11820	1151
HVO_RS11825	165
HVO_RS11830	2282
HVO_RS11835	48366
HVO_RS11840	3367
HVO_RS11845	392
HVO_RS11850	111608
HVO_RS11855	29634
HVO_RS11860	1270
HVO_RS11865	4919
HVO_RS11870	2380
HVO_RS11875	550
HVO_RS11880	866
HVO_RS11885	379960
HVO_RS11890	148
HVO_RS11895	164
HVO_RS11900	6994
HVO_RS11905	6031
HVO_RS11910	15909
HVO_RS11915	6989
HVO_RS11920	12831
HVO_RS11925	279
HVO_RS11930	1403
HVO_RS11935	9341
HVO_RS11940	2090
HVO_RS11945	2110
HVO_RS11950	5207
HVO_RS11955	3716
HVO_RS11960	8014
HVO_RS11965	255
HVO_RS11970	5145
HVO_RS11975	1851
HVO_RS11980	8879
HVO_RS11985	5092
HVO_RS11990	801
HVO_RS11995	1724
HVO_RS12000	657
HVO_RS12005	2284
HVO_RS12010	3416
HVO_RS12015	6424
HVO_RS12020	648
HVO_RS12025	69
HVO_RS12030	257
HVO_RS12035	15609
HVO_RS12040	8042
HVO_RS12045	8102
HVO_RS12050	53020
HVO_RS12055	8285
HVO_RS12060	5033
HVO_RS12065	1344
HVO_RS12070	940
HVO_RS12075	4522
HVO_RS12080	3157
HVO_RS12085	2030
HVO_RS12090	707
HVO_RS12095	2705
HVO_RS12100	35226
HVO_RS12105	6430
HVO_RS12110	6854
HVO_RS12115	5912
HVO_RS12120	12360
HVO_RS12125	31157
HVO_RS12130	98975
HVO_RS12135	1029
HVO_RS12140	1767
HVO_RS12145	1815
HVO_RS12150	804
HVO_RS12155	3214
HVO_RS12160	2106
HVO_RS12165	6033
HVO_RS12170	1022
HVO_RS12175	7427
HVO_RS12180	3692
HVO_RS12185	3614
HVO_RS12190	7688
HVO_RS12195	45996
HVO_RS12200	47343
HVO_RS12205	5234
HVO_RS12210	5212
HVO_RS12215	5743
HVO_RS12220	2067
HVO_RS12225	1797
HVO_RS12230	3603
HVO_RS12235	1214
HVO_RS12240	13193
HVO_RS12245	29669
HVO_RS12250	67851
HVO_RS12255	71319
HVO_RS12260	5262
HVO_RS12265	6261
HVO_RS12270	8582
HVO_RS12275	9244
HVO_RS12280	7668
HVO_RS12285	51971
HVO_RS12290	12034
HVO_RS12295	3928
HVO_RS12300	2880
HVO_RS12305	908
HVO_RS12310	1514
HVO_RS12315	3705
HVO_RS12320	5689
HVO_RS12325	541
HVO_RS12330	4175
HVO_RS12335	2682
HVO_RS12340	14633
HVO_RS12345	234764
HVO_RS12350	2483
HVO_RS12355	17359
HVO_RS12360	7653
HVO_RS12365	11152
HVO_RS12370	7495
HVO_RS12375	12664
HVO_RS12380	3544
HVO_RS12385	9758
HVO_RS12390	1818
HVO_RS12395	9687
HVO_RS12400	6614
HVO_RS12405	17787
HVO_RS12410	4828
HVO_RS12415	34252
HVO_RS12420	1553
HVO_RS12425	5652
HVO_RS12430	3461
HVO_RS12435	4115
HVO_RS12440	22767
HVO_RS12445	4598
HVO_RS12450	3819
HVO_RS12455	8380
HVO_RS12460	1339
HVO_RS12465	2700
HVO_RS12470	1640
HVO_RS12475	954
HVO_RS12480	1094
HVO_RS12485	625
HVO_RS12490	375
HVO_RS12495	1322
HVO_RS12500	14211
HVO_RS12505	12136
HVO_RS12510	19207
HVO_RS12515	546
HVO_RS12520	6552
HVO_RS12525	871
HVO_RS12530	21794
HVO_RS12535	444
HVO_RS12540	15486
HVO_RS12545	1387
HVO_RS12550	2042
HVO_RS12555	3111
HVO_RS12560	376876
HVO_RS12565	71
HVO_RS12570	21
HVO_RS12575	142
HVO_RS12580	16
HVO_RS12585	52
HVO_RS12590	285
HVO_RS12595	16
HVO_RS12600	145
HVO_RS12605	641
HVO_RS12610	710
HVO_RS12615	312
HVO_RS12620	1218
HVO_RS12625	25296
HVO_RS12630	8691
HVO_RS12635	23903
HVO_RS12640	3410
HVO_RS12645	6226
HVO_RS12650	9963
HVO_RS12655	6375
HVO_RS12660	5226
HVO_RS12665	4858
HVO_RS12670	3431
HVO_RS12675	3065
HVO_RS12680	8330
HVO_RS12685	946
HVO_RS12695	548
HVO_RS12700	2041
HVO_RS12705	547
HVO_RS12710	12902
HVO_RS12715	8730
HVO_RS12720	5484
HVO_RS12725	4872
HVO_RS12730	5595
HVO_RS12735	157
HVO_RS12740	1084
HVO_RS12745	9367
HVO_RS12750	1758
HVO_RS12755	4733
HVO_RS12760	1897
HVO_RS12765	4076
HVO_RS12770	113319
HVO_RS12775	6418
HVO_RS12780	10055
HVO_RS12785	527
HVO_RS12790	2679
HVO_RS12795	58215
HVO_RS12800	4104
HVO_RS12805	1857
HVO_RS12810	197
HVO_RS12815	3737
HVO_RS12820	735
HVO_RS12825	32101
HVO_RS12830	21482
HVO_RS12835	16844
HVO_RS12840	6192
HVO_RS12845	9789
HVO_RS12850	4541
HVO_RS12855	6709
HVO_RS12860	13133
HVO_RS12865	4693
HVO_RS12870	4931
HVO_RS12875	6540
HVO_RS12880	679
HVO_RS12885	276
HVO_RS12890	13379
HVO_RS12895	13126
HVO_RS12900	84467
HVO_RS12905	24957
HVO_RS12910	9308
HVO_RS12915	9007
HVO_RS12920	101592
HVO_RS12925	12429
HVO_RS12930	23220
HVO_RS12935	2113
HVO_RS12940	7544
HVO_RS12945	1056
HVO_RS12950	858
HVO_RS12955	1607
HVO_RS12960	2264
HVO_RS12965	3077
HVO_RS12970	3831
HVO_RS12975	1058
HVO_RS12980	136
HVO_RS12985	170
HVO_RS12990	29042
HVO_RS12995	800
HVO_RS13000	7367
HVO_RS13005	4041
HVO_RS13010	55245
HVO_RS13015	481
HVO_RS13020	56
HVO_RS13025	106
HVO_RS13030	10
HVO_RS13035	2227
HVO_RS13040	18393
HVO_RS13045	8775
HVO_RS13055	11514
HVO_RS13060	9086
HVO_RS13065	1308
HVO_RS13070	2742
HVO_RS13075	5724
HVO_RS13080	9944
HVO_RS13085	2624
HVO_RS13090	2727
HVO_RS13095	7017
HVO_RS13100	56976
HVO_RS13105	2460
HVO_RS13110	71
HVO_RS13115	11528
HVO_RS13120	809
HVO_RS13125	12563
HVO_RS13130	1791
HVO_RS13135	535
HVO_RS13140	2608
HVO_RS13145	4950
HVO_RS13150	35606
HVO_RS13155	63304
HVO_RS13160	32239
HVO_RS13165	18259
HVO_RS13170	21803
HVO_RS13175	3438
HVO_RS13180	6078
HVO_RS13185	3528
HVO_RS13190	9299
HVO_RS13195	358
HVO_RS13200	158
HVO_RS13205	188
HVO_RS13210	178
HVO_RS13215	2
HVO_RS13220	345
HVO_RS13225	99
HVO_RS13230	141
HVO_RS13235	249
HVO_RS13240	226
HVO_RS13245	234
HVO_RS13250	40889
HVO_RS13255	3505
HVO_RS13265	733
HVO_RS13270	366
HVO_RS13275	4928
HVO_RS13280	1968
HVO_RS13285	708
HVO_RS13290	14902
HVO_RS13295	2067
HVO_RS13300	13675
HVO_RS13305	2633
HVO_RS13310	3192
HVO_RS13330	4070
HVO_RS13340	3535
HVO_RS13345	9546
HVO_RS13350	4917
HVO_RS13355	19985
HVO_RS13360	5435
HVO_RS13365	209
HVO_RS13370	1961
HVO_RS13375	268
HVO_RS13380	6426
HVO_RS13385	1935
HVO_RS13390	2950
HVO_RS13395	9152
HVO_RS13400	1180
HVO_RS13405	1362
HVO_RS13410	504
HVO_RS13415	1692
HVO_RS13420	13123
HVO_RS13425	1548
HVO_RS13430	5731
HVO_RS13435	4773
HVO_RS13440	3198
HVO_RS13445	5034
HVO_RS13450	3328
HVO_RS13455	4204
HVO_RS13460	24622
HVO_RS13465	7570
HVO_RS13470	2577
HVO_RS13475	25183
HVO_RS13480	1409
HVO_RS13485	13316
HVO_RS13490	10361
HVO_RS13495	89158
HVO_RS13500	2179
HVO_RS13505	513
HVO_RS13510	473
HVO_RS13530	2109
HVO_RS13535	24
HVO_RS13540	323
HVO_RS13545	2249
HVO_RS13550	818
HVO_RS13560	381
HVO_RS13565	887
HVO_RS13570	14011
HVO_RS13575	2620
HVO_RS13580	2317
HVO_RS13585	4971
HVO_RS13590	8774
HVO_RS13595	5555
HVO_RS13600	3064
HVO_RS13605	1386
HVO_RS13610	5013
HVO_RS13615	14580
HVO_RS13620	67267
HVO_RS13625	11517
HVO_RS13630	9633
HVO_RS13635	14701
HVO_RS13640	7757
HVO_RS13645	5772
HVO_RS13650	1422
HVO_RS13655	5502
HVO_RS13660	23039
HVO_RS13665	5318
HVO_RS13670	9907
HVO_RS13675	4507
HVO_RS13680	82976
HVO_RS13685	7634
HVO_RS13690	90976
HVO_RS13695	3815
HVO_RS13700	1740
HVO_RS13705	2832
HVO_RS13710	3091
HVO_RS13715	22387
HVO_RS13720	1724
HVO_RS13725	22347
HVO_RS13730	621
HVO_RS13735	314
HVO_RS13740	1675
HVO_RS13745	1122
HVO_RS13750	836
HVO_RS13755	2988
HVO_RS13760	1790
HVO_RS13765	6141
HVO_RS13770	767
HVO_RS13775	2476
HVO_RS13780	5973
HVO_RS13785	3300
HVO_RS13790	27496
HVO_RS13795	76766
HVO_RS13800	19047
HVO_RS13805	2458
HVO_RS13810	23504
HVO_RS13815	24248
HVO_RS13820	143870
HVO_RS13825	6126
HVO_RS13830	2611
HVO_RS13835	701
HVO_RS13840	6613
HVO_RS13845	357
HVO_RS13850	76663
HVO_RS13855	2731
HVO_RS13860	368
HVO_RS13865	1060
HVO_RS13870	30
HVO_RS13875	4941
HVO_RS13880	39231
HVO_RS13885	30961
HVO_RS13890	5737
HVO_RS13900	5245
HVO_RS13905	56631
HVO_RS13910	2091
HVO_RS13915	12373
HVO_RS13920	643
HVO_RS13925	6907
HVO_RS13930	864
HVO_RS13935	9566
HVO_RS13940	3239
HVO_RS13945	2281
HVO_RS13950	3564
HVO_RS13955	7291
HVO_RS13960	2871
HVO_RS13965	166
HVO_RS13970	772
HVO_RS13975	905
HVO_RS13980	543
HVO_RS13985	872
HVO_RS13990	6666
HVO_RS13995	838
HVO_RS14000	5328
HVO_RS14005	10321
HVO_RS14010	2166
HVO_RS14015	350
HVO_RS14020	1247
HVO_RS14025	13287
HVO_RS14030	4463
HVO_RS14035	110516
HVO_RS14040	2523
HVO_RS14045	1485
HVO_RS14050	2546
HVO_RS14055	3158
HVO_RS14060	2958
HVO_RS14070	1084
HVO_RS14075	2238
HVO_RS14080	98445
HVO_RS14085	1133
HVO_RS14090	22159
HVO_RS14095	3242
HVO_RS14100	3223
HVO_RS14105	16802
HVO_RS14110	2763
HVO_RS14115	49508
HVO_RS14120	14067
HVO_RS14125	11731
HVO_RS14130	4299
HVO_RS14135	5734
HVO_RS14140	6338
HVO_RS14145	240
HVO_RS14150	558
HVO_RS14155	787
HVO_RS14160	1112
HVO_RS14165	23059
HVO_RS14170	1269
HVO_RS14175	21899
HVO_RS14180	32668
HVO_RS14185	53638
HVO_RS14190	2602
HVO_RS14195	12318
HVO_RS14200	9503
HVO_RS14205	105843
HVO_RS14215	972
HVO_RS14220	649
HVO_RS14225	40
HVO_RS14230	1728
HVO_RS14235	958
HVO_RS14240	6585
HVO_RS14245	12782
HVO_RS14250	2979
HVO_RS14255	146843
HVO_RS14260	31353
HVO_RS14265	54477
HVO_RS14270	6974
HVO_RS14275	241
HVO_RS14280	2155
HVO_RS14285	1452
HVO_RS14290	1149
HVO_RS14295	1218
HVO_RS14300	7250
HVO_RS14305	434
HVO_RS14310	8906
HVO_RS14315	5716
HVO_RS14320	3635
HVO_RS14325	6136
HVO_RS14330	1208
HVO_RS14340	779
HVO_RS14345	19680
HVO_RS14350	2311
HVO_RS14355	4331
HVO_RS14360	5909
HVO_RS14365	5780
HVO_RS14370	19227
HVO_RS14375	1696
HVO_RS14380	55411
HVO_RS14385	7301
HVO_RS14390	78358
HVO_RS14395	9371
HVO_RS14400	10917
HVO_RS14405	3861
HVO_RS14410	13977
HVO_RS14415	1106
HVO_RS14420	5220
HVO_RS14425	180
HVO_RS14430	6163
HVO_RS14435	630
HVO_RS14440	225
HVO_RS14445	4424
HVO_RS14455	5824
HVO_RS14460	9391
HVO_RS14465	15249
HVO_RS14470	6107
HVO_RS14475	3215
HVO_RS14480	3880
HVO_RS14485	4145
HVO_RS14490	540
HVO_RS14495	83814
HVO_RS14505	8087
HVO_RS14510	4851
HVO_RS14515	17432
HVO_RS14520	1083
HVO_RS14525	1671
HVO_RS14530	277
HVO_RS14535	464
HVO_RS14540	1277
HVO_RS14545	1242
HVO_RS14550	5992
HVO_RS14555	10918
HVO_RS14560	14370
HVO_RS14565	228
HVO_RS14570	290
HVO_RS14575	1
HVO_RS14580	2983
HVO_RS14585	14183
HVO_RS14590	1079
HVO_RS14595	4778
HVO_RS14600	11767
HVO_RS14605	5775
HVO_RS14610	41489
HVO_RS14615	52553
HVO_RS14620	25995
HVO_RS14625	19
HVO_RS14630	25935
HVO_RS14635	13346
HVO_RS14640	8168
HVO_RS14645	44336
HVO_RS14650	37872
HVO_RS14655	66422
HVO_RS14660	4251095
HVO_RS14665	4269
HVO_RS14670	7890
HVO_RS14675	11420
HVO_RS14680	491469
HVO_RS14685	343
HVO_RS14690	471
HVO_RS14695	44957
HVO_RS14700	53512
HVO_RS14705	24324
HVO_RS14710	10138
HVO_RS14715	3352
HVO_RS14720	9009
HVO_RS14725	1256
HVO_RS14730	1632
HVO_RS14735	7031
HVO_RS14740	1164
HVO_RS14745	287
HVO_RS14755	7972
HVO_RS14760	2367
HVO_RS14765	2499
HVO_RS14770	8706
HVO_RS14775	2311
HVO_RS14780	1004
HVO_RS14785	1821
HVO_RS14790	133
HVO_RS14795	468
HVO_RS14800	373
HVO_RS14805	227
HVO_RS14810	1859
HVO_RS14815	60
HVO_RS14820	63
HVO_RS14825	192
HVO_RS14830	978
HVO_RS14835	1184
HVO_RS14840	191
HVO_RS14845	3033
HVO_RS14850	57
HVO_RS14855	311
HVO_RS14860	267
HVO_RS14865	2462
HVO_RS14870	47
HVO_RS14875	49
HVO_RS14880	472
HVO_RS14885	128
HVO_RS14890	123
HVO_RS14895	129
HVO_RS14900	2039
HVO_RS14905	960
HVO_RS14910	1150
HVO_RS14915	1447
HVO_RS14920	11989
HVO_RS14925	1280
HVO_RS14930	1171
HVO_RS14935	6088
HVO_RS14940	8507
HVO_RS14945	194
HVO_RS14950	5368
HVO_RS14955	763
HVO_RS14960	185
HVO_RS14965	1057
HVO_RS14970	42
HVO_RS14975	2583
HVO_RS14980	9796
HVO_RS14985	747
HVO_RS14990	1441
HVO_RS14995	41
HVO_RS15000	218
HVO_RS15005	72
HVO_RS15010	393
HVO_RS15015	1959
HVO_RS15020	407
HVO_RS15025	3884
HVO_RS15030	612
HVO_RS15035	81093
HVO_RS15040	966
HVO_RS15045	243
HVO_RS15050	294991
HVO_RS15055	49446
HVO_RS15060	2482
HVO_RS15065	23645
HVO_RS15070	1506
HVO_RS15075	8209
HVO_RS15080	3260
HVO_RS15085	6931
HVO_RS15090	310968
HVO_RS15095	20777
HVO_RS15100	590
HVO_RS15105	795
HVO_RS15110	1892
HVO_RS15115	2829
HVO_RS15120	800
HVO_RS15125	2884
HVO_RS15130	13850
HVO_RS15135	7060
HVO_RS15140	646
HVO_RS15145	9046
HVO_RS15150	59589
HVO_RS15155	4943
HVO_RS15160	4777
HVO_RS15165	10047
HVO_RS15170	15335
HVO_RS15175	1576
HVO_RS15180	162
HVO_RS15185	1453
HVO_RS15190	676
HVO_RS15195	167
HVO_RS15200	302
HVO_RS15205	12303
HVO_RS15210	265
HVO_RS15215	1990
HVO_RS15220	22342
HVO_RS15225	4803
HVO_RS15230	1812
HVO_RS15235	13241
HVO_RS15240	20462
HVO_RS15245	379
HVO_RS15250	4527
HVO_RS15255	9114
HVO_RS15260	2762
HVO_RS15270	1540
HVO_RS15275	6555
HVO_RS15280	352
HVO_RS15285	9104
HVO_RS15290	1448
HVO_RS15295	3656
HVO_RS15300	51018
HVO_RS15305	176123
HVO_RS15310	24241
HVO_RS15315	1848
HVO_RS15320	6088
HVO_RS15325	1633
HVO_RS15330	3177
HVO_RS15335	305
HVO_RS15340	580
HVO_RS15345	115
HVO_RS15350	8795
HVO_RS15355	4546
HVO_RS15360	2713
HVO_RS15365	17292
HVO_RS15370	5479
HVO_RS15375	2121
HVO_RS15380	34483
HVO_RS15385	127
HVO_RS15390	83
HVO_RS15395	3510
HVO_RS15400	83602
HVO_RS15405	22387
HVO_RS15410	43399
HVO_RS15415	3451
HVO_RS15420	3408
HVO_RS15425	2411
HVO_RS15430	7991
HVO_RS15435	7736
HVO_RS15440	6271
HVO_RS15445	948
HVO_RS15450	5171
HVO_RS15455	1287
HVO_RS15460	153
HVO_RS15465	89143
HVO_RS15470	319
HVO_RS15475	47473
HVO_RS15480	21666
HVO_RS15485	587
HVO_RS15490	1037
HVO_RS15495	108
HVO_RS15500	2429
HVO_RS15505	8570
HVO_RS15510	5190
HVO_RS15515	1219
HVO_RS15520	2833
HVO_RS15525	115
HVO_RS15530	539
HVO_RS15535	832
HVO_RS15540	2194
HVO_RS15545	2599
HVO_RS15550	216
HVO_RS15555	513
HVO_RS15560	391
HVO_RS15565	97
HVO_RS15570	53
HVO_RS15575	13355
HVO_RS15580	359
HVO_RS15585	4918
HVO_RS15590	11069
HVO_RS15595	3672
HVO_RS15600	2105
HVO_RS15605	11564
HVO_RS15620	793
HVO_RS15625	1316
HVO_RS15630	543
HVO_RS15635	2944
HVO_RS15640	7231
HVO_RS15645	137
HVO_RS15650	315
HVO_RS15655	241
HVO_RS15660	5
HVO_RS15665	171
HVO_RS15670	2
HVO_RS15675	43
HVO_RS15680	30
HVO_RS15690	1303
HVO_RS15705	819
HVO_RS15710	1234
HVO_RS15715	1124
HVO_RS15720	1549
HVO_RS15725	1960
HVO_RS15730	211
HVO_RS15735	164
HVO_RS15740	1111
HVO_RS15745	89
HVO_RS15750	663
HVO_RS15755	11230
HVO_RS15760	4406
HVO_RS15765	15595
HVO_RS15770	46487
HVO_RS15775	2283
HVO_RS15780	17665
HVO_RS15785	9786
HVO_RS15790	3974
HVO_RS15795	6001
HVO_RS15800	6202
HVO_RS15805	29587
HVO_RS15810	1204
HVO_RS15815	4352
HVO_RS15820	656
HVO_RS15825	47569
HVO_RS15830	4318
HVO_RS15835	30066
HVO_RS15840	12030
HVO_RS15845	11491
HVO_RS15850	2483
HVO_RS15855	332
HVO_RS15860	3440
HVO_RS15865	15780
HVO_RS15870	2601
HVO_RS15875	14335
HVO_RS15880	3203
HVO_RS15885	170
HVO_RS15890	917
HVO_RS15895	3319
HVO_RS15900	834
HVO_RS15905	2493
HVO_RS15910	1536
HVO_RS15915	655
HVO_RS15920	2565
HVO_RS15925	47
HVO_RS15930	9708
HVO_RS15935	1591
HVO_RS15940	1627
HVO_RS15945	10351
HVO_RS15950	24652
HVO_RS15955	3624
HVO_RS15960	3172
HVO_RS15965	8929
HVO_RS15970	4958
HVO_RS15975	3588
HVO_RS15980	3683
HVO_RS15985	3427
HVO_RS15990	26728
HVO_RS15995	40
HVO_RS16000	7087
HVO_RS16005	11203
HVO_RS16010	9435
HVO_RS16015	10603
HVO_RS16020	2244
HVO_RS16025	44185
HVO_RS16030	9793
HVO_RS16035	4996
HVO_RS16040	1807
HVO_RS16045	3777
HVO_RS16050	4950
HVO_RS16055	12769
HVO_RS16060	1533
HVO_RS16065	28595
HVO_RS16070	714
HVO_RS16075	9951
HVO_RS16080	6674
HVO_RS16085	895
HVO_RS16090	1807
HVO_RS16095	8257
HVO_RS16100	2187
HVO_RS16105	3893
HVO_RS16110	8581
HVO_RS16115	8547
HVO_RS16120	1531
HVO_RS16125	184508
HVO_RS16130	7706
HVO_RS16135	9154
HVO_RS16140	2778
HVO_RS16145	5607
HVO_RS16150	14691
HVO_RS16155	11366
HVO_RS16160	160933
HVO_RS16165	5532
HVO_RS16170	3494
HVO_RS16175	9543
HVO_RS16180	285623
HVO_RS16185	663
HVO_RS16190	749
HVO_RS16195	640
HVO_RS16200	442
HVO_RS16205	1357
HVO_RS16210	128
HVO_RS16215	1301
HVO_RS16220	242
HVO_RS16225	6963
HVO_RS16230	326
HVO_RS16235	4301
HVO_RS16240	1280
HVO_RS16245	100247
HVO_RS16250	26084
HVO_RS16255	32187
HVO_RS16260	11537
HVO_RS16265	7865
HVO_RS16270	2715
HVO_RS16275	9405
HVO_RS16280	1971
HVO_RS16285	537
HVO_RS16290	97
HVO_RS16295	1782
HVO_RS16300	8012
HVO_RS16305	7323
HVO_RS16310	3347
HVO_RS16315	14347
HVO_RS16320	16411
HVO_RS16325	145
HVO_RS16330	6530
HVO_RS16335	3703
HVO_RS16340	43138
HVO_RS16345	12556
HVO_RS16350	34519
HVO_RS16360	1649
HVO_RS16365	159
HVO_RS16370	6350
HVO_RS16375	3920
HVO_RS16380	8412
HVO_RS16385	318
HVO_RS16390	30114
HVO_RS16395	4190
HVO_RS16400	2593
HVO_RS16405	20461
HVO_RS16410	12836
HVO_RS16415	72024
HVO_RS16420	16114
HVO_RS16425	91767
HVO_RS16430	12141
HVO_RS16435	40063
HVO_RS16440	3426
HVO_RS16445	16744
HVO_RS16450	764
HVO_RS16455	73
HVO_RS16460	260
HVO_RS16465	528
HVO_RS16470	708
HVO_RS16480	9728
HVO_RS16485	6332
HVO_RS16490	1310
HVO_RS16495	6414
HVO_RS16500	4158
HVO_RS16505	6193
HVO_RS16510	6563
HVO_RS16515	23628
HVO_RS16520	107500
HVO_RS16525	544
HVO_RS16530	616
HVO_RS16535	593
HVO_RS16540	126
HVO_RS16545	661
HVO_RS16550	6066
HVO_RS16555	2115
HVO_RS16560	1790
HVO_RS16565	645
HVO_RS16570	2739
HVO_RS16575	88
HVO_RS16580	50663
HVO_RS16585	89211
HVO_RS16590	597
HVO_RS16595	7323
HVO_RS16600	1650
HVO_RS16605	912
HVO_RS16610	1223
HVO_RS16615	12957
HVO_RS16620	1179
HVO_RS16625	893
HVO_RS16630	4686
HVO_RS16635	13647
HVO_RS16640	957
HVO_RS16645	477
HVO_RS16650	476
HVO_RS16655	1146
HVO_RS16660	170
HVO_RS16665	1351
HVO_RS16670	1856
HVO_RS16675	7735
HVO_RS16680	320
HVO_RS16685	3806
HVO_RS16690	51919
HVO_RS16695	6431
HVO_RS16700	2565
HVO_RS16705	557
HVO_RS16710	218
HVO_RS16715	3455
HVO_RS16720	405
HVO_RS16725	5266
HVO_RS16730	8019
HVO_RS16735	44446
HVO_RS16740	59241
HVO_RS16745	237
HVO_RS16750	2654
HVO_RS16755	1567
HVO_RS16760	5480
HVO_RS16765	3580
HVO_RS16770	10064
HVO_RS16775	3056
HVO_RS16780	3583
HVO_RS16785	758
HVO_RS16790	3647
HVO_RS16795	1436
HVO_RS16800	24654
HVO_RS16805	1289
HVO_RS16810	16149
HVO_RS16815	17644
HVO_RS16820	878
HVO_RS16825	1479
HVO_RS16830	12353
HVO_RS16835	1645
HVO_RS16840	19713
HVO_RS16845	3639
HVO_RS16850	4235
HVO_RS16855	41996
HVO_RS16860	348825
HVO_RS16865	2563
HVO_RS16870	1582
HVO_RS16875	14357
HVO_RS16880	1507
HVO_RS16890	1032
HVO_RS16895	678
HVO_RS16900	2867
HVO_RS16905	2302
HVO_RS16910	2057
HVO_RS16915	9459
HVO_RS16920	1338
HVO_RS16925	4416
HVO_RS16930	1053
HVO_RS16935	5868
HVO_RS16940	16950
HVO_RS16945	2834
HVO_RS16950	1908
HVO_RS16955	1282
HVO_RS16960	8735
HVO_RS16965	353627
HVO_RS16970	61144
HVO_RS16975	82927
HVO_RS16980	81339
HVO_RS16985	94460
HVO_RS16990	148699
HVO_RS16995	130629
HVO_RS17000	116461
HVO_RS17005	38708
HVO_RS17010	6414
HVO_RS17015	42753
HVO_RS17020	137414
HVO_RS17025	41288
HVO_RS17030	31717
HVO_RS17035	52819
HVO_RS17040	127126
HVO_RS17045	15109
HVO_RS17050	296153
HVO_RS17055	80513
HVO_RS17060	70780
HVO_RS17065	144437
HVO_RS17070	47701
HVO_RS17075	139486
HVO_RS17080	202405
HVO_RS17085	1841897
HVO_RS17090	4301
HVO_RS17095	4138
HVO_RS17100	1241
HVO_RS17105	154
HVO_RS17110	121
HVO_RS17115	553
HVO_RS17120	4342
HVO_RS17125	7578
HVO_RS17130	2645
HVO_RS17135	1848
HVO_RS17140	7288
HVO_RS17145	2395
HVO_RS17150	1670
HVO_RS17155	594
HVO_RS17160	805
HVO_RS17165	1258
HVO_RS17170	524
HVO_RS17175	9384
HVO_RS17180	3753
HVO_RS17185	148
HVO_RS17190	1970
HVO_RS17195	755
HVO_RS17200	209491
HVO_RS17205	16274
HVO_RS17210	2765
HVO_RS17215	239
HVO_RS17220	1395
HVO_RS17230	127
HVO_RS17235	962
HVO_RS17240	171
HVO_RS17245	2561
HVO_RS17250	2771
HVO_RS17255	24868
HVO_RS17260	4230
HVO_RS17265	3046
HVO_RS17270	4950
HVO_RS17275	1272
HVO_RS17280	25790
HVO_RS17285	14494
HVO_RS17290	9635
HVO_RS17295	3145
HVO_RS17300	9643
HVO_RS17305	737
HVO_RS17310	3316
HVO_RS17315	3665
HVO_RS17320	12601
HVO_RS17325	5337
HVO_RS17330	5204
HVO_RS17335	4262
HVO_RS17340	5723
HVO_RS17345	3190
HVO_RS17350	74129
HVO_RS17355	36728
HVO_RS17360	8439
HVO_RS17365	493
HVO_RS17370	69000
HVO_RS17375	21906
HVO_RS17380	6498
HVO_RS17385	901
HVO_RS17390	1664
HVO_RS17395	2751
HVO_RS17400	8752
HVO_RS17405	2710
HVO_RS17410	3521
HVO_RS17415	5236
HVO_RS17420	692
HVO_RS17425	16163
HVO_RS17430	5667
HVO_RS17435	3558
HVO_RS17440	2716
HVO_RS17445	3446
HVO_RS17450	1828
HVO_RS17455	3899
HVO_RS17460	6014
HVO_RS17465	3539
HVO_RS17470	2644
HVO_RS17475	13218
HVO_RS17480	1060
HVO_RS17485	6980
HVO_RS17490	1263
HVO_RS17495	37503
HVO_RS17500	5822
HVO_RS17505	8679
HVO_RS17510	180
HVO_RS17515	1590
HVO_RS17520	890
HVO_RS17525	1242
HVO_RS17530	13127
HVO_RS17535	2641
HVO_RS17540	3334
HVO_RS17545	2745
HVO_RS17550	11135
HVO_RS17555	1716
HVO_RS17560	5945
HVO_RS17565	1896
HVO_RS17570	2804
HVO_RS17575	5062
HVO_RS17580	4539
HVO_RS17585	4064
HVO_RS17590	8035
HVO_RS17595	9123
HVO_RS17600	7515
HVO_RS17605	203
HVO_RS17610	287
HVO_RS17615	14349
HVO_RS17620	20691
HVO_RS17625	7758
HVO_RS17630	4058
HVO_RS17635	1180
HVO_RS17640	1468
HVO_RS17645	912
HVO_RS17650	13798
HVO_RS17655	1016
HVO_RS17660	3827
HVO_RS17665	2148
HVO_RS17670	8087
HVO_RS17675	6340
HVO_RS17680	34913
HVO_RS17685	14243
HVO_RS17690	43307
HVO_RS17695	1200
HVO_RS17700	17248
HVO_RS17705	7875
HVO_RS17710	13458
HVO_RS17715	102996
HVO_RS17720	361
HVO_RS17725	17262
HVO_RS17730	21389
HVO_RS17735	1559
HVO_RS17740	44859
HVO_RS17745	9758
HVO_RS17750	32576
HVO_RS17755	6601
HVO_RS17760	2529
HVO_RS17765	5619
HVO_RS17770	13764
HVO_RS17775	10077
HVO_RS17780	7075
HVO_RS17785	15725
HVO_RS17790	832
HVO_RS17795	1531
HVO_RS17800	15752
HVO_RS17805	459
HVO_RS17810	1337
HVO_RS17815	2443
HVO_RS17820	272
HVO_RS17825	22994
HVO_RS17830	7081
HVO_RS17835	25050
HVO_RS17840	69463
HVO_RS17845	954
HVO_RS17850	5788
HVO_RS17855	2896
HVO_RS17860	257933
HVO_RS17865	105580
HVO_RS17870	25060
HVO_RS17875	1559
HVO_RS17880	1205
HVO_RS17885	7549
HVO_RS17890	700
HVO_RS17895	858
HVO_RS17900	1111
HVO_RS17905	103
HVO_RS17910	803
HVO_RS17920	9818
HVO_RS17925	648499
HVO_RS17930	33815
HVO_RS17935	12530
HVO_RS17940	76789
HVO_RS17945	6116
HVO_RS17950	4761
HVO_RS17955	5340
HVO_RS17960	2540
HVO_RS17965	3619
HVO_RS17970	3137
HVO_RS17975	4338
HVO_RS17980	48906
HVO_RS17985	52728
HVO_RS17990	8661
HVO_RS17995	16526
HVO_RS18000	7476
HVO_RS18005	8822
HVO_RS18010	625
HVO_RS18015	308744
HVO_RS18020	810444
HVO_RS18025	921078
HVO_RS18030	172802
HVO_RS18035	9387
HVO_RS18040	6106
HVO_RS18045	7498
HVO_RS18050	3474
HVO_RS18055	1294
HVO_RS18060	389
HVO_RS18065	784
HVO_RS18070	3668
HVO_RS18075	8025
HVO_RS18080	1592
HVO_RS18085	2503
HVO_RS18090	8878
HVO_RS18095	2586
HVO_RS18100	5213
HVO_RS18105	255065
HVO_RS18110	335874
HVO_RS18115	15148
HVO_RS18120	16425
HVO_RS18125	34952
HVO_RS18130	60367
HVO_RS18135	80969
HVO_RS18140	8743
HVO_RS18145	506442
HVO_RS18150	184591
HVO_RS18155	91840
HVO_RS18160	218406
HVO_RS18165	102683
HVO_RS18170	1063
HVO_RS18175	2270
HVO_RS18180	2103
HVO_RS18185	84863
HVO_RS18190	24426
HVO_RS18195	4575
HVO_RS18200	5723
HVO_RS18205	6884
HVO_RS18210	1617
HVO_RS18215	4634
HVO_RS18220	4921
HVO_RS18225	5985
HVO_RS18230	4246
HVO_RS18240	794
HVO_RS18245	691
HVO_RS18250	582
HVO_RS18255	1336
HVO_RS18260	3990
HVO_RS18265	539
HVO_RS18270	1450
HVO_RS18275	1845
HVO_RS18280	66652
HVO_RS18285	25583
HVO_RS18290	2527
HVO_RS18295	12491
HVO_RS18300	8618
HVO_RS18305	33680
HVO_RS18310	2085
HVO_RS18315	25954
HVO_RS18320	2588
HVO_RS18325	45
HVO_RS18330	850
HVO_RS18335	67
HVO_RS18340	36
HVO_RS18345	1670
HVO_RS18350	119
HVO_RS18355	947
HVO_RS18365	2099
HVO_RS18370	11121
HVO_RS18375	1875
HVO_RS18380	1680
HVO_RS18385	141
HVO_RS18395	991
HVO_RS18400	670
HVO_RS18405	1014
HVO_RS18415	7480
HVO_RS18420	325
HVO_RS18425	656
HVO_RS18430	860
HVO_RS18435	2827
HVO_RS18440	240
HVO_RS18445	1228
HVO_RS18450	3605
HVO_RS18455	1820
HVO_RS18460	299
HVO_RS18465	1543
HVO_RS18470	6724
HVO_RS18475	1196
HVO_RS18480	1680
HVO_RS18485	1502
HVO_RS18490	4935
HVO_RS18495	2296
HVO_RS18500	1345
HVO_RS18505	1392
HVO_RS18510	3035
HVO_RS18515	8330
HVO_RS18520	10491
HVO_RS18525	4283
HVO_RS18530	7543
HVO_RS18535	22649
HVO_RS18540	10639
HVO_RS18545	146
HVO_RS18550	861
HVO_RS18555	8385
HVO_RS18560	944
HVO_RS18565	4615
HVO_RS18570	11333
HVO_RS18575	1798
HVO_RS18580	3583
HVO_RS18585	3306
HVO_RS18590	4948
HVO_RS18595	1697
HVO_RS18600	485
HVO_RS18605	1697
HVO_RS18610	1714
HVO_RS18615	9095
HVO_RS18620	17756
HVO_RS18630	15914
HVO_RS18635	5740
HVO_RS18640	7852
HVO_RS18645	28523
HVO_RS18650	2900
HVO_RS18655	1033
HVO_RS18660	6253
HVO_RS18665	2688
HVO_RS18670	7182
HVO_RS18675	185994
HVO_RS18680	1546
HVO_RS18685	1559
HVO_RS18690	2525
HVO_RS18695	989
HVO_RS18700	1518
HVO_RS18705	2201
HVO_RS18710	9516
HVO_RS18715	3692
HVO_RS18720	1885
HVO_RS18725	5679
HVO_RS18730	34075
HVO_RS18735	23602
HVO_RS18740	826
HVO_RS18745	2258
HVO_RS18750	3985
HVO_RS18755	16116
HVO_RS18760	9368
HVO_RS18765	7502
HVO_RS18770	6392
HVO_RS18775	494
HVO_RS18780	3210
HVO_RS18785	1792
HVO_RS18790	53432
HVO_RS18795	4724
HVO_RS18800	4892
HVO_RS18805	48417
HVO_RS18810	867
HVO_RS18815	5797
HVO_RS18820	826
HVO_RS18825	204
HVO_RS18830	6378
HVO_RS18835	7587
HVO_RS18840	17236
HVO_RS18845	9404
HVO_RS18855	9235
HVO_RS18860	12905
HVO_RS18865	1571
HVO_RS18870	29973
HVO_RS18875	2013
HVO_RS18880	8408
HVO_RS18885	19416
HVO_RS18890	218
HVO_RS18895	1028
HVO_RS18900	17845
HVO_RS18905	6
HVO_RS18910	137
HVO_RS18915	17
HVO_RS18920	368
HVO_RS18925	5851
HVO_RS18930	1524
HVO_RS18935	3190
HVO_RS18940	2725
HVO_RS18945	68547
HVO_RS18950	6169
HVO_RS18955	27544
HVO_RS18960	19035
HVO_RS18965	713
HVO_RS18970	272
HVO_RS18975	18341
HVO_RS18980	2722
HVO_RS18985	74
HVO_RS18990	1589
HVO_RS18995	11831
HVO_RS19000	23887
HVO_RS19005	21418
HVO_RS19010	13360
HVO_RS19015	34482
HVO_RS19020	43938
HVO_RS19025	151
HVO_RS19030	693
HVO_RS19035	389
HVO_RS19040	4110
HVO_RS19045	2864
HVO_RS19050	10454
HVO_RS19055	14203
HVO_RS19060	1493
HVO_RS19065	9795
HVO_RS19070	3552
HVO_RS19075	3877
HVO_RS19080	18562
HVO_RS19085	503
HVO_RS19090	626
HVO_RS19095	1504
HVO_RS19100	3852
HVO_RS19105	3044
HVO_RS19110	1422
HVO_RS19115	1617
HVO_RS19120	187
HVO_RS19125	30719
HVO_RS19130	11532
HVO_RS19135	3520
HVO_RS19140	2885
HVO_RS19145	7545
HVO_RS19150	5504
HVO_RS19155	2376
HVO_RS19160	4485
HVO_RS19165	8795
HVO_RS19170	1975
HVO_RS19175	500
HVO_RS19180	3198
HVO_RS19185	839
HVO_RS19195	312560
HVO_RS19200	4804
HVO_RS19205	781
HVO_RS19210	2949
HVO_RS19215	942
HVO_RS19220	4216
HVO_RS19225	2490
HVO_RS19230	5925
HVO_RS19235	2922
HVO_RS19240	430
HVO_RS19245	6244
HVO_RS19250	11002
HVO_RS19255	107904
HVO_RS19260	2460
HVO_RS19265	3682
HVO_RS19270	45710
HVO_RS19275	33487
HVO_RS19280	13708
HVO_RS19285	49887
HVO_RS19290	5022381
HVO_RS19295	4572
HVO_RS19305	59
HVO_RS19310	3574
HVO_RS19315	823
HVO_RS19320	1990
HVO_RS19325	717
HVO_RS19330	1707
HVO_RS19335	558
HVO_RS19340	2056
HVO_RS19345	32611
HVO_RS19350	34
HVO_RS19360	2610
HVO_RS19365	768
HVO_RS19370	118
HVO_RS19375	3293
HVO_RS19380	643
HVO_RS19390	2718
HVO_RS19400	40327
HVO_RS19405	49
HVO_RS19410	1962
HVO_RS19420	3639
HVO_RS19425	4913
HVO_RS19430	707
HVO_RS19435	3601
HVO_RS19450	7904
HVO_RS19455	5073
HVO_RS19460	1699
HVO_RS19465	1553
HVO_RS19470	652
HVO_RS19475	4727
HVO_RS19480	5980
HVO_RS19485	194
HVO_RS19490	354
HVO_RS19510	7572
HVO_RS19515	125
HVO_RS19520	2319
HVO_RS19525	104
HVO_RS19530	93
HVO_RS19535	454
HVO_RS19540	67
HVO_RS19545	583
HVO_RS19550	61
HVO_RS19555	3400
HVO_RS19560	18
HVO_RS19565	55
HVO_RS19570	18
HVO_RS19575	54
HVO_RS19580	3516
HVO_RS19585	1298
HVO_RS19590	2135
HVO_RS19595	970
HVO_RS19600	29
HVO_RS19605	1068
HVO_RS19610	115
HVO_RS19615	290
HVO_RS19620	69
HVO_RS19625	1736
HVO_RS19630	132
HVO_RS19635	5377505
HVO_RS19650	522
HVO_RS19715	1
HVO_RS19740	2960
HVO_RS19745	1250
HVO_RS19770	13
HVO_RS19780	63
HVO_RS19795	274
HVO_RS19800	3481
HVO_RS19810	47
HVO_RS19825	431
HVO_RS19830	119
HVO_RS19855	3585
HVO_RS19875	8404
HVO_RS19880	274
HVO_RS19915	470
HVO_RS19920	159
HVO_RS19930	13163
HVO_RS19935	109
HVO_RS19940	15
HVO_RS19945	481
HVO_RS19950	673
HVO_RS19965	209
HVO_RS19970	1114
HVO_RS19975	7366
HVO_RS19990	391
HVO_RS19995	5743
HVO_RS20000	926
HVO_RS20005	634
HVO_RS20010	341
HVO_RS20015	775
HVO_RS20020	1984
HVO_RS20025	1556
HVO_RS20035	9645
HVO_RS20040	5
HVO_RS20045	309
HVO_RS20050	1240
HVO_RS20055	14
HVO_RS20060	1441
HVO_RS20065	8783
HVO_RS20100	6777
HVO_RS20105	57
HVO_RS20130	39562
HVO_RS20135	452
HVO_RS20140	7207
HVO_RS20145	14835
HVO_RS20150	7338
HVO_RS20155	3969
HVO_RS20160	887
HVO_RS20165	1266
HVO_RS20175	3767
HVO_RS20180	1293
HVO_RS20185	468
HVO_RS20190	2077
HVO_RS20195	79
HVO_RS20205	1036
HVO_RS20210	1566
HVO_RS20230	1420
HVO_RS20235	17783
HVO_RS20240	11087
HVO_RS20260	8184
HVO_RS20265	5036
HVO_RS20270	190
HVO_RS20290	167
HVO_RS20305	23974
HVO_RS20310	5760
HVO_RS20315	1488
HVO_RS20335	2917
HVO_RS20350	700
HVO_RS20355	355
HVO_RS20370	1846
HVO_RS20380	231
HVO_RS20385	12665
HVO_RS20390	7576
HVO_RS20405	36573
HVO_RS20410	211
HVO_RS20415	38
HVO_RS20445	1775
HVO_RS20460	6089
HVO_RS20465	3716
HVO_RS20470	321
HVO_RS20485	55
HVO_RS20495	14500
HVO_RS20505	264
HVO_RS20510	504
HVO_RS20525	413
HVO_RS20535	1025
HVO_RS20540	1778
HVO_RS20545	575
HVO_RS20550	228
HVO_RS20565	204
HVO_RS20570	264
HVO_RS20590	644
HVO_RS20605	2048
HVO_RS20610	213
HVO_RS20615	584
HVO_RS20620	126
HVO_RS20625	506
HVO_RS20630	1170
HVO_RS20635	710
HVO_RS20640	1210
HVO_RS20645	65
HVO_RS20665	792
HVO_RS20670	253
HVO_RS20680	203
HVO_RS20685	104
HVO_RS20690	347
HVO_RS20700	238247
HVO_RS20705	1875
HVO_RS20710	8
HVO_RS20715	374
HVO_RS20720	306
HVO_RS20730	2891
HVO_RS20735	0
HVO_RS20740	6
HVO_RS20750	9
HVO_RS20760	41
HVO_RS20765	75
HVO_RS20775	2238
HVO_RS20780	20
HVO_RS20785	4842
HVO_RS20790	3696
HVO_RS20795	5001
HVO_RS20800	47
HVO_RS20805	1507
HVO_RS20810	1333
HVO_RS20815	808
HVO_RS20820	73
HVO_RS20825	5310
HVO_RS20830	23
HVO_RS20835	11
HVO_RS20840	20
HVO_RS20845	29042
HVO_RS20850	11990
HVO_RS20855	1927
HVO_RS20860	92
HVO_RS20865	44
HVO_RS20870	497
HVO_RS20875	20581
HVO_RS20880	416
HVO_RS20885	228
HVO_RS20890	33
HVO_RS20895	346
HVO_RS20900	11975
HVO_RS20905	1266
HVO_RS20910	1476
HVO_RS20915	2061
HVO_RS20920	1679
HVO_RS20925	2717
HVO_RS20930	1644
HVO_RS20935	6
HVO_RS20940	2207
HVO_RS20945	204
HVO_RS20950	2720
HVO_RS20955	1011
HVO_RS20960	3546
HVO_RS20965	84
HVO_RS20970	2139
HVO_RS20975	1910
HVO_RS20980	4748
HVO_RS20985	8532
HVO_RS20990	363
HVO_RS20995	336
HVO_RS21000	159
HVO_RS21005	16350
HVO_RS21010	1072
HVO_RS21015	8028
HVO_RS21020	828
HVO_RS21025	60
HVO_RS21030	182
HVO_RS21035	18
HVO_RS21040	29
HVO_RS21045	66
HVO_RS21050	700
HVO_RS21055	430
HVO_RS21060	173
HVO_RS21065	7708
HVO_RS21070	3083
HVO_RS21075	20
HVO_RS21080	1606
HVO_RS21085	49
HVO_RS21090	244
HVO_RS21095	1212
HVO_RS21100	353
HVO_RS21105	4278
HVO_RS21110	1888
HVO_RS21115	545
HVO_RS21120	509
HVO_RS21125	24
HVO_RS21135	951
HVO_RS21145	758
HVO_RS21150	68
HVO_RS21155	963
HVO_RS21160	0
HVO_RS21165	0
HVO_RS21170	62
HVO_RS21175	284
HVO_RS21180	69
HVO_RS21185	417
HVO_RS21190	30
HVO_RS21195	3
HVO_RS21210	196
HVO_RS21215	30
HVO_RS21225	59
HVO_RS21230	1504
HVO_RS21235	270
HVO_RS21240	63
HVO_RS21245	77
HVO_RS21255	3841
HVO_RS21265	22644
HVO_RS21275	216
HVO_RS21280	434
HVO_RS21285	95
HVO_RS21290	283
HVO_RS21295	3118
HVO_RS21300	1258
HVO_RS21310	62
HVO_RS21315	14501
HVO_RS21335	544
HVO_RS21340	117
HVO_RS21345	524
HVO_RS21365	3597
HVO_RS21370	1302
HVO_RS21375	48
HVO_RS21380	11
HVO_RS21385	393
HVO_RS21390	348
HVO_RS21395	2451
HVO_RS21400	16
HVO_RS21405	17515
HVO_RS21410	369
HVO_RS21415	523
HVO_RS21420	45
HVO_RS21425	114
HVO_RS21430	3234
HVO_RS21435	706
HVO_RS21440	955
HVO_RS21445	1556
HVO_RS21450	63
HVO_RS21455	229
HVO_RS21460	31
HVO_RS21465	1866
HVO_RS21470	15489
HVO_RS21475	129
HVO_RS21480	123
HVO_RS21485	468
HVO_RS21490	355
HVO_RS21495	3844
HVO_RS21500	2014
__no_feature	7975098
__ambiguous	11766279
__too_low_aQual	0
__not_aligned	0
__alignment_not_unique	3417506
