HVO_RS00005	3114
HVO_RS00010	1695
HVO_RS00015	1016
HVO_RS00020	1125
HVO_RS00025	406
HVO_RS00030	1097
HVO_RS00035	6026
HVO_RS00040	85
HVO_RS00045	3749
HVO_RS00050	2288
HVO_RS00055	1656
HVO_RS00060	362
HVO_RS00065	10388
HVO_RS00070	2481
HVO_RS00075	2009
HVO_RS00080	2859
HVO_RS00085	529
HVO_RS00090	9445
HVO_RS00095	2553
HVO_RS00100	316
HVO_RS00105	199
HVO_RS00110	1097
HVO_RS00115	573
HVO_RS00120	1964
HVO_RS00125	247
HVO_RS00130	113
HVO_RS00135	2154
HVO_RS00140	213
HVO_RS00145	516
HVO_RS00150	247
HVO_RS00155	68
HVO_RS00160	6
HVO_RS00165	0
HVO_RS00170	25
HVO_RS00175	18
HVO_RS00180	304
HVO_RS00185	1725
HVO_RS00190	2634
HVO_RS00195	5402
HVO_RS00200	2886
HVO_RS00205	899
HVO_RS00210	4875
HVO_RS00215	4754
HVO_RS00220	10505
HVO_RS00225	46415
HVO_RS00230	18644
HVO_RS00235	11979
HVO_RS00240	110571
HVO_RS00245	24352
HVO_RS00250	33585
HVO_RS00255	7974
HVO_RS00260	28451
HVO_RS00265	10707
HVO_RS00270	1361
HVO_RS00275	39934
HVO_RS00280	30203
HVO_RS00285	52510
HVO_RS00290	34946
HVO_RS00295	23407
HVO_RS00300	27942
HVO_RS00305	9201
HVO_RS00310	33947
HVO_RS00315	22927
HVO_RS00320	17174
HVO_RS00325	769
HVO_RS00330	1479
HVO_RS00335	2484
HVO_RS00340	7661
HVO_RS00345	5753
HVO_RS00350	2879
HVO_RS00355	3621
HVO_RS00360	2009
HVO_RS00365	2822
HVO_RS00370	2540
HVO_RS00375	3234
HVO_RS00380	2741
HVO_RS00385	1540
HVO_RS00390	2130
HVO_RS00395	13278
HVO_RS00400	4589
HVO_RS00405	5033
HVO_RS00410	2403
HVO_RS00415	1552
HVO_RS00420	2415
HVO_RS00425	390
HVO_RS00430	470
HVO_RS00435	747
HVO_RS00440	63
HVO_RS00445	105
HVO_RS00450	1240
HVO_RS00455	234
HVO_RS00460	6396
HVO_RS00465	1662
HVO_RS00470	246
HVO_RS00475	39
HVO_RS00480	129
HVO_RS00485	2386
HVO_RS00490	3360
HVO_RS00495	596
HVO_RS00500	125
HVO_RS00505	744
HVO_RS00510	162
HVO_RS00515	251
HVO_RS00520	55
HVO_RS00525	45
HVO_RS00530	567
HVO_RS00535	647
HVO_RS00540	11473
HVO_RS00545	4173
HVO_RS00550	4622
HVO_RS00555	1419
HVO_RS00560	1137
HVO_RS00565	7620
HVO_RS00570	85055
HVO_RS00575	379
HVO_RS00580	98
HVO_RS00585	6
HVO_RS00590	16
HVO_RS00595	19
HVO_RS00600	5
HVO_RS00605	7
HVO_RS00610	83
HVO_RS00615	472
HVO_RS00620	344
HVO_RS00630	19594
HVO_RS00635	2438
HVO_RS00640	12259
HVO_RS00645	8774
HVO_RS00650	7752
HVO_RS00655	5042
HVO_RS00660	502
HVO_RS00665	3095
HVO_RS00670	8472
HVO_RS00675	8138
HVO_RS00680	2854
HVO_RS00685	5141
HVO_RS00690	6081
HVO_RS00695	28531
HVO_RS00700	18729
HVO_RS00705	4109
HVO_RS00710	1695
HVO_RS00715	1025
HVO_RS00720	82857
HVO_RS00725	1386
HVO_RS00730	15729
HVO_RS00735	715
HVO_RS00740	208
HVO_RS00745	8469
HVO_RS00750	1107
HVO_RS00755	5824
HVO_RS00760	39321
HVO_RS00765	846
HVO_RS00770	890
HVO_RS00775	439
HVO_RS00780	2486
HVO_RS00785	263
HVO_RS00790	88
HVO_RS00795	197
HVO_RS00800	1
HVO_RS00805	1050
HVO_RS00810	322
HVO_RS00815	131
HVO_RS00820	141
HVO_RS00825	204
HVO_RS00830	108
HVO_RS00835	415
HVO_RS00840	1108
HVO_RS00845	198
HVO_RS00850	1394
HVO_RS00855	1894
HVO_RS00860	81
HVO_RS00865	12
HVO_RS00870	22
HVO_RS00875	40
HVO_RS00880	7
HVO_RS00885	23
HVO_RS00890	420
HVO_RS00895	22196
HVO_RS00900	3324
HVO_RS00905	12669
HVO_RS00910	2265
HVO_RS00915	2454
HVO_RS00920	495
HVO_RS00925	213
HVO_RS00930	292
HVO_RS00935	335
HVO_RS00940	2456
HVO_RS00945	536
HVO_RS00950	3111
HVO_RS00955	33785
HVO_RS00965	7927
HVO_RS00970	30022
HVO_RS00975	64806
HVO_RS00980	1896
HVO_RS00985	5832
HVO_RS00990	645
HVO_RS00995	1956
HVO_RS01000	395
HVO_RS01005	510
HVO_RS01010	322
HVO_RS01015	30
HVO_RS01025	133
HVO_RS01030	16
HVO_RS01035	83
HVO_RS01040	279
HVO_RS01045	46
HVO_RS01050	641
HVO_RS01055	231
HVO_RS01060	73
HVO_RS01065	858
HVO_RS01070	1658
HVO_RS01075	103
HVO_RS01080	69
HVO_RS01085	75
HVO_RS01090	80
HVO_RS01095	103
HVO_RS01100	4537
HVO_RS01105	540
HVO_RS01110	604
HVO_RS01115	709
HVO_RS01120	756
HVO_RS01125	101
HVO_RS01130	104
HVO_RS01135	24
HVO_RS01140	65
HVO_RS01145	4025
HVO_RS01150	28
HVO_RS01155	133
HVO_RS01160	1709
HVO_RS01165	681
HVO_RS01170	385
HVO_RS01175	879
HVO_RS01180	251
HVO_RS01185	22073
HVO_RS01190	13460
HVO_RS01195	117
HVO_RS01200	2174
HVO_RS01205	257
HVO_RS01210	368
HVO_RS01215	2707
HVO_RS01220	31
HVO_RS01230	1518
HVO_RS01235	3444
HVO_RS01240	735
HVO_RS01245	5329
HVO_RS01250	1552
HVO_RS01255	139
HVO_RS01260	1142
HVO_RS01265	16
HVO_RS01270	1357
HVO_RS01275	74
HVO_RS01280	105
HVO_RS01285	221
HVO_RS01290	393
HVO_RS01295	62302
HVO_RS01300	521
HVO_RS01305	1529
HVO_RS01310	1641
HVO_RS01315	2458
HVO_RS01330	22249
HVO_RS01335	422
HVO_RS01340	456
HVO_RS01345	1631
HVO_RS01350	4484
HVO_RS01355	4644
HVO_RS01360	23
HVO_RS01365	832
HVO_RS01370	3026
HVO_RS01375	875
HVO_RS01380	3218
HVO_RS01385	1432
HVO_RS01390	5775
HVO_RS01395	4199
HVO_RS01400	3744
HVO_RS01405	27160
HVO_RS01410	648
HVO_RS01415	1018
HVO_RS01420	197
HVO_RS01425	220
HVO_RS01430	2454
HVO_RS01435	1788
HVO_RS01440	1208
HVO_RS01445	346
HVO_RS01450	925
HVO_RS01455	384
HVO_RS01460	149
HVO_RS01465	44
HVO_RS01470	642
HVO_RS01475	3160
HVO_RS01480	260
HVO_RS01485	680
HVO_RS01490	95
HVO_RS01495	838
HVO_RS01500	311
HVO_RS01505	14
HVO_RS01510	20
HVO_RS01515	190
HVO_RS01520	367
HVO_RS01525	1134
HVO_RS01530	421
HVO_RS01535	115
HVO_RS01540	2121
HVO_RS01545	323
HVO_RS01550	2207
HVO_RS01555	2466
HVO_RS01560	128
HVO_RS01565	126
HVO_RS01570	157
HVO_RS01575	406
HVO_RS01580	50
HVO_RS01585	22
HVO_RS01590	39
HVO_RS01595	20
HVO_RS01600	621
HVO_RS01605	916
HVO_RS01610	16
HVO_RS01625	0
HVO_RS01630	9
HVO_RS01635	349
HVO_RS01640	60
HVO_RS01645	59
HVO_RS01650	38
HVO_RS01655	92
HVO_RS01660	627
HVO_RS01665	805
HVO_RS01670	158
HVO_RS01675	234
HVO_RS01680	227
HVO_RS01685	78
HVO_RS01690	14
HVO_RS01695	5659
HVO_RS01700	4850
HVO_RS01705	6123
HVO_RS01710	33659
HVO_RS01715	7714
HVO_RS01720	2122
HVO_RS01725	10905
HVO_RS01730	10247
HVO_RS01735	127294
HVO_RS01740	663
HVO_RS01745	29833
HVO_RS01750	2830
HVO_RS01755	8266
HVO_RS01760	2377
HVO_RS01765	795
HVO_RS01770	480
HVO_RS01775	1808
HVO_RS01780	919
HVO_RS01785	1721
HVO_RS01790	1180
HVO_RS01795	9388
HVO_RS01800	19139
HVO_RS01805	16399
HVO_RS01810	21944
HVO_RS01815	355
HVO_RS01820	3871
HVO_RS01825	9442
HVO_RS01830	5067
HVO_RS01835	9908
HVO_RS01840	36009
HVO_RS01845	0
HVO_RS01850	0
HVO_RS01855	0
HVO_RS01860	0
HVO_RS01865	0
HVO_RS01870	2947
HVO_RS01875	2806
HVO_RS01880	2120
HVO_RS01885	4435
HVO_RS01890	6493
HVO_RS01895	680
HVO_RS01900	10644
HVO_RS01905	3572
HVO_RS01910	6755
HVO_RS01915	9255
HVO_RS01920	29268
HVO_RS01925	1037
HVO_RS01930	72
HVO_RS01935	36
HVO_RS01940	770
HVO_RS01945	692
HVO_RS01955	3280
HVO_RS01960	7221
HVO_RS01965	554
HVO_RS01970	429
HVO_RS01975	31277
HVO_RS01980	362
HVO_RS01990	3743
HVO_RS01995	558
HVO_RS02000	26
HVO_RS02005	30
HVO_RS02010	220
HVO_RS02015	14
HVO_RS02020	48
HVO_RS02025	19
HVO_RS02040	4313
HVO_RS02045	495
HVO_RS02050	1615
HVO_RS02060	4317
HVO_RS02065	340
HVO_RS02075	3460
HVO_RS02080	208
HVO_RS02085	2303
HVO_RS02090	1051
HVO_RS02095	8109
HVO_RS02100	1005
HVO_RS02105	53
HVO_RS02110	12
HVO_RS02115	8
HVO_RS02120	23
HVO_RS02130	452
HVO_RS02135	79
HVO_RS02140	21
HVO_RS02145	149
HVO_RS02150	66
HVO_RS02155	10
HVO_RS02160	158
HVO_RS02165	4222
HVO_RS02170	4967
HVO_RS02175	19504
HVO_RS02180	11
HVO_RS02185	97
HVO_RS02190	21
HVO_RS02195	120
HVO_RS02200	1099
HVO_RS02205	261
HVO_RS02210	2383
HVO_RS02215	53
HVO_RS02220	10
HVO_RS02225	162
HVO_RS02230	362
HVO_RS02235	29
HVO_RS02240	221
HVO_RS02245	1557
HVO_RS02250	1023
HVO_RS02255	4121
HVO_RS02260	1079
HVO_RS02265	1263
HVO_RS02270	16001
HVO_RS02275	3863
HVO_RS02280	245
HVO_RS02285	8124
HVO_RS02290	23
HVO_RS02295	7077
HVO_RS02300	4572
HVO_RS02305	129
HVO_RS02310	1813
HVO_RS02315	1522
HVO_RS02320	5094
HVO_RS02325	1988
HVO_RS02330	19
HVO_RS02345	7203
HVO_RS02355	201
HVO_RS02365	110
HVO_RS02370	98
HVO_RS02375	132
HVO_RS02380	89
HVO_RS02385	2065
HVO_RS02390	1908
HVO_RS02395	578
HVO_RS02400	2610
HVO_RS02405	3618
HVO_RS02410	467
HVO_RS02415	0
HVO_RS02420	694
HVO_RS02425	674
HVO_RS02430	139
HVO_RS02435	1790
HVO_RS02440	1624
HVO_RS02445	33
HVO_RS02450	1048
HVO_RS02455	461786
HVO_RS02465	359
HVO_RS02470	2357
HVO_RS02480	4828
HVO_RS02485	399
HVO_RS02490	20
HVO_RS02495	33
HVO_RS02500	2905
HVO_RS02505	2887
HVO_RS02510	167
HVO_RS02515	204
HVO_RS02520	6229
HVO_RS02525	1327
HVO_RS02530	15200
HVO_RS02535	285
HVO_RS02540	99
HVO_RS02545	657
HVO_RS02550	6865
HVO_RS02555	32
HVO_RS02560	4605
HVO_RS02565	9702
HVO_RS02570	23791
HVO_RS02575	3589
HVO_RS02580	33014
HVO_RS02585	4016
HVO_RS02590	12052
HVO_RS02595	1255
HVO_RS02600	44
HVO_RS02605	1058
HVO_RS02610	333
HVO_RS02615	997
HVO_RS02620	2144
HVO_RS02625	1851
HVO_RS02630	8816
HVO_RS02635	89765
HVO_RS02645	2021
HVO_RS02650	3938
HVO_RS02655	408
HVO_RS02660	962
HVO_RS02665	3905
HVO_RS02670	6438
HVO_RS02675	10257
HVO_RS02680	3641
HVO_RS02685	2073
HVO_RS02690	54105
HVO_RS02695	406
HVO_RS02700	4113
HVO_RS02705	2948
HVO_RS02710	5026
HVO_RS02715	451
HVO_RS02720	523
HVO_RS02725	587
HVO_RS02730	134
HVO_RS02735	2336
HVO_RS02740	305
HVO_RS02745	178
HVO_RS02750	319
HVO_RS02755	68770
HVO_RS02760	104057
HVO_RS02765	30688
HVO_RS02770	28005
HVO_RS02775	20237
HVO_RS02780	909
HVO_RS02785	1263
HVO_RS02790	499
HVO_RS02795	534
HVO_RS02800	258
HVO_RS02805	659
HVO_RS02810	524
HVO_RS02815	320
HVO_RS02820	188
HVO_RS02825	262
HVO_RS02830	121
HVO_RS02835	128
HVO_RS02840	200
HVO_RS02845	327
HVO_RS02850	282
HVO_RS02855	91
HVO_RS02860	8534
HVO_RS02865	2434
HVO_RS02870	17380
HVO_RS02875	827
HVO_RS02880	227
HVO_RS02885	832
HVO_RS02890	1410
HVO_RS02895	103
HVO_RS02900	4992
HVO_RS02905	2502
HVO_RS02910	39
HVO_RS02920	205
HVO_RS02930	6040
HVO_RS02935	2425
HVO_RS02940	2470
HVO_RS02945	100
HVO_RS02950	322
HVO_RS02955	365
HVO_RS02960	50
HVO_RS02965	934
HVO_RS02970	343
HVO_RS02975	1150
HVO_RS02980	1752
HVO_RS02985	5531
HVO_RS02990	18
HVO_RS02995	18
HVO_RS03000	1022
HVO_RS03005	1837
HVO_RS03010	3076
HVO_RS03015	37
HVO_RS03020	5124
HVO_RS03025	2641
HVO_RS03035	1542
HVO_RS03040	501
HVO_RS03045	306
HVO_RS03050	15896
HVO_RS03055	730
HVO_RS03060	6007
HVO_RS03065	235
HVO_RS03070	1749
HVO_RS03075	761
HVO_RS03080	65
HVO_RS03085	3242
HVO_RS03090	1354
HVO_RS03095	8501
HVO_RS03100	3331
HVO_RS03105	7522
HVO_RS03110	1095
HVO_RS03115	579
HVO_RS03120	8252
HVO_RS03125	9153
HVO_RS03130	10943
HVO_RS03135	2865
HVO_RS03140	415
HVO_RS03145	4860
HVO_RS03150	38
HVO_RS03155	331
HVO_RS03160	132
HVO_RS03165	352
HVO_RS03170	123
HVO_RS03175	975
HVO_RS03180	86
HVO_RS03185	65
HVO_RS03190	993
HVO_RS03195	156
HVO_RS03200	131
HVO_RS03205	351
HVO_RS03210	560
HVO_RS03215	119
HVO_RS03220	1258
HVO_RS03225	944
HVO_RS03230	4911
HVO_RS03235	22
HVO_RS03240	199
HVO_RS03245	651
HVO_RS03250	1332
HVO_RS03255	4266
HVO_RS03260	1843
HVO_RS03265	1240
HVO_RS03270	12424
HVO_RS03275	24217
HVO_RS03280	3832
HVO_RS03285	8811
HVO_RS03290	66
HVO_RS03295	555
HVO_RS03300	690
HVO_RS03305	703
HVO_RS03315	6994
HVO_RS03320	1018
HVO_RS03325	3485
HVO_RS03330	878
HVO_RS03335	15034
HVO_RS03340	1390
HVO_RS03345	8231
HVO_RS03350	30657
HVO_RS03355	4532
HVO_RS03360	6010
HVO_RS03365	938
HVO_RS03370	2833
HVO_RS03375	10224
HVO_RS03380	4604
HVO_RS03390	2267
HVO_RS03395	2959
HVO_RS03405	14456
HVO_RS03435	234
HVO_RS03440	56
HVO_RS03445	406
HVO_RS03450	132
HVO_RS03455	805
HVO_RS03460	345
HVO_RS03465	975
HVO_RS03470	1640
HVO_RS03475	31
HVO_RS03480	38407
HVO_RS03485	207
HVO_RS03490	101
HVO_RS03495	1241
HVO_RS03500	1006
HVO_RS03505	2190
HVO_RS03515	904
HVO_RS03520	203
HVO_RS03525	7505
HVO_RS03530	2982
HVO_RS03535	6470
HVO_RS03540	11594
HVO_RS03545	1943
HVO_RS03550	259
HVO_RS03555	176
HVO_RS03560	585
HVO_RS03565	870
HVO_RS03570	5766
HVO_RS03575	6889
HVO_RS03580	524
HVO_RS03585	3645
HVO_RS03600	16
HVO_RS03605	147
HVO_RS03610	5413
HVO_RS03615	2205
HVO_RS03620	2560
HVO_RS03625	3436
HVO_RS03630	638
HVO_RS03635	19
HVO_RS03645	4739
HVO_RS03650	430
HVO_RS03665	23
HVO_RS03670	962
HVO_RS03675	946
HVO_RS03680	492
HVO_RS03685	643
HVO_RS03690	0
HVO_RS03695	530
HVO_RS03700	4621
HVO_RS03705	1700
HVO_RS03710	1630
HVO_RS03720	316
HVO_RS03730	100
HVO_RS03740	1304
HVO_RS03745	669
HVO_RS03750	2133
HVO_RS03755	5076
HVO_RS03765	890
HVO_RS03770	172
HVO_RS03775	1033
HVO_RS03780	1041
HVO_RS03785	1530
HVO_RS03790	1463
HVO_RS03795	11380
HVO_RS03800	3978
HVO_RS03805	2119
HVO_RS03810	238
HVO_RS03815	1440
HVO_RS03820	1139
HVO_RS03825	32
HVO_RS03830	116
HVO_RS03835	46
HVO_RS03840	1407
HVO_RS03845	3118
HVO_RS03850	10041
HVO_RS03855	7168
HVO_RS03865	18
HVO_RS03870	53
HVO_RS03875	2250
HVO_RS03880	1088
HVO_RS03885	228
HVO_RS03890	1031
HVO_RS03895	485
HVO_RS03900	9837
HVO_RS03905	986
HVO_RS03910	9688
HVO_RS03915	3023
HVO_RS03920	5833
HVO_RS03925	10684
HVO_RS03930	2860
HVO_RS03935	2156
HVO_RS03940	1454
HVO_RS03945	4770
HVO_RS03950	2474
HVO_RS03955	1622
HVO_RS03960	87295
HVO_RS03965	1284
HVO_RS03970	2663
HVO_RS03975	71
HVO_RS03980	701
HVO_RS03985	168
HVO_RS03990	877
HVO_RS03995	1745
HVO_RS04000	677
HVO_RS04005	3657
HVO_RS04010	2035
HVO_RS04015	8628
HVO_RS04020	6805
HVO_RS04025	211
HVO_RS04030	132
HVO_RS04035	794
HVO_RS04040	13
HVO_RS04045	56
HVO_RS04050	429
HVO_RS04055	8855
HVO_RS04060	15219
HVO_RS04065	2710
HVO_RS04070	6271
HVO_RS04075	2960
HVO_RS04080	18127
HVO_RS04085	10356
HVO_RS04090	18081
HVO_RS04095	1814
HVO_RS04100	1740
HVO_RS04105	6796
HVO_RS04110	827
HVO_RS04115	3542
HVO_RS04120	736
HVO_RS04125	1944
HVO_RS04130	54
HVO_RS04135	37
HVO_RS04140	29
HVO_RS04145	29
HVO_RS04150	109
HVO_RS04155	93
HVO_RS04160	4015
HVO_RS04165	618
HVO_RS04170	165
HVO_RS04175	862
HVO_RS04180	962
HVO_RS04185	2573
HVO_RS04190	2021
HVO_RS04195	511
HVO_RS04200	129
HVO_RS04205	551
HVO_RS04210	220
HVO_RS04215	85
HVO_RS04220	122
HVO_RS04225	20
HVO_RS04230	56
HVO_RS04235	382
HVO_RS04240	2012
HVO_RS04245	2219
HVO_RS04250	1272
HVO_RS04255	956
HVO_RS04260	410
HVO_RS04265	17485
HVO_RS04270	446
HVO_RS04275	70
HVO_RS04280	2819
HVO_RS04285	2978
HVO_RS04290	6206
HVO_RS04295	721552
HVO_RS04300	3907
HVO_RS04305	8970
HVO_RS04310	1358
HVO_RS04315	10160
HVO_RS04320	1349
HVO_RS04325	1495
HVO_RS04330	2234
HVO_RS04340	15046
HVO_RS04345	20966
HVO_RS04350	12895
HVO_RS04355	7486
HVO_RS04360	42027
HVO_RS04365	686
HVO_RS04370	1331
HVO_RS04375	2712
HVO_RS04380	57
HVO_RS04385	98
HVO_RS04390	77
HVO_RS04395	181
HVO_RS04400	635
HVO_RS04405	250
HVO_RS04410	76
HVO_RS04415	88
HVO_RS04420	57
HVO_RS04425	322
HVO_RS04430	32
HVO_RS04435	26
HVO_RS04440	39
HVO_RS04445	10
HVO_RS04450	17
HVO_RS04455	23
HVO_RS04460	833
HVO_RS04465	14986
HVO_RS04470	8111
HVO_RS04475	6053
HVO_RS04480	10530
HVO_RS04485	5511
HVO_RS04490	569
HVO_RS04495	14520
HVO_RS04500	260
HVO_RS04505	8898
HVO_RS04510	703
HVO_RS04515	130
HVO_RS04520	33331
HVO_RS04525	135
HVO_RS04530	109
HVO_RS04540	9149
HVO_RS04545	15695
HVO_RS04550	114
HVO_RS04555	430
HVO_RS04560	754
HVO_RS04565	973
HVO_RS04570	100
HVO_RS04580	272
HVO_RS04585	592
HVO_RS04590	943
HVO_RS04595	4380
HVO_RS04600	17755
HVO_RS04605	2441
HVO_RS04610	1772
HVO_RS04615	6696
HVO_RS04620	5772
HVO_RS04625	1544
HVO_RS04630	3658
HVO_RS04635	10177
HVO_RS04640	28326
HVO_RS04645	407234
HVO_RS04650	6294
HVO_RS04655	2165
HVO_RS04660	52732
HVO_RS04665	35350
HVO_RS04670	1499
HVO_RS04675	25303
HVO_RS04680	776
HVO_RS04685	7904
HVO_RS04690	2247
HVO_RS04695	9418
HVO_RS04700	5472
HVO_RS04705	191279
HVO_RS04710	29773
HVO_RS04715	36768
HVO_RS04720	20161
HVO_RS04725	4505
HVO_RS04730	36663
HVO_RS04735	4160
HVO_RS04740	6917
HVO_RS04745	23162
HVO_RS04750	6156
HVO_RS04755	3196
HVO_RS04760	2211
HVO_RS04765	8434
HVO_RS04770	44547
HVO_RS04775	3665
HVO_RS04780	20976
HVO_RS04785	28766
HVO_RS04790	4781
HVO_RS04795	8425
HVO_RS04800	12043
HVO_RS04805	15486
HVO_RS04810	29484
HVO_RS04815	484
HVO_RS04820	8261
HVO_RS04825	165977
HVO_RS04830	1842
HVO_RS04835	19817
HVO_RS04840	7573
HVO_RS04845	18162
HVO_RS04850	1771
HVO_RS04855	1081
HVO_RS04860	262
HVO_RS04865	5604
HVO_RS04870	17811
HVO_RS04875	1465
HVO_RS04880	5962
HVO_RS04885	4756
HVO_RS04890	41851
HVO_RS04895	294
HVO_RS04900	6630
HVO_RS04905	8599
HVO_RS04910	6895
HVO_RS04915	5007
HVO_RS04920	8690
HVO_RS04925	5529
HVO_RS04930	1963
HVO_RS04935	19492
HVO_RS04940	34651
HVO_RS04945	1898
HVO_RS04950	2173
HVO_RS04955	12027
HVO_RS04960	51342
HVO_RS04965	40999
HVO_RS04970	10616
HVO_RS04975	8538
HVO_RS04980	42227
HVO_RS04985	29473
HVO_RS04990	34818
HVO_RS04995	22580
HVO_RS05000	562964
HVO_RS05005	5401
HVO_RS05010	40117
HVO_RS05015	849
HVO_RS05020	12978
HVO_RS05025	1234
HVO_RS05030	15780
HVO_RS05035	39241
HVO_RS05040	4299
HVO_RS05045	448
HVO_RS05050	1275
HVO_RS05055	6930
HVO_RS05060	6750
HVO_RS05065	4706
HVO_RS05070	17410
HVO_RS05075	25539
HVO_RS05080	1266
HVO_RS05085	768
HVO_RS05090	10529
HVO_RS05095	3344
HVO_RS05105	1023
HVO_RS05110	3216
HVO_RS05115	9350
HVO_RS05120	5504
HVO_RS05125	499
HVO_RS05130	4279
HVO_RS05135	492
HVO_RS05140	16336
HVO_RS05145	3332
HVO_RS05150	575
HVO_RS05155	15268
HVO_RS05160	3480
HVO_RS05165	40299
HVO_RS05170	8243
HVO_RS05175	13805
HVO_RS05180	1642
HVO_RS05185	19636
HVO_RS05190	10356
HVO_RS05195	8767
HVO_RS05200	188310
HVO_RS05205	14334
HVO_RS05210	23667
HVO_RS05215	2267
HVO_RS05220	16022
HVO_RS05225	14792
HVO_RS05230	3429
HVO_RS05235	12172
HVO_RS05240	1927
HVO_RS05245	2166
HVO_RS05250	15035
HVO_RS05255	15021
HVO_RS05260	113780
HVO_RS05265	3634
HVO_RS05270	14702
HVO_RS05275	47071
HVO_RS05280	1978
HVO_RS05285	2260
HVO_RS05290	65993
HVO_RS05295	2856
HVO_RS05300	405
HVO_RS05305	9665
HVO_RS05310	4893
HVO_RS05315	5818
HVO_RS05320	1752
HVO_RS05325	498
HVO_RS05330	600
HVO_RS05335	1171
HVO_RS05340	1041
HVO_RS05345	208863
HVO_RS05350	50520
HVO_RS05355	13418
HVO_RS05360	19933
HVO_RS05365	1136
HVO_RS05370	1995
HVO_RS05375	20329
HVO_RS05380	13177
HVO_RS05385	29542
HVO_RS05390	378
HVO_RS05395	76
HVO_RS05400	7144
HVO_RS05405	2065
HVO_RS05410	17127
HVO_RS05415	4927
HVO_RS05420	448
HVO_RS05425	1310
HVO_RS05430	152
HVO_RS05435	246
HVO_RS05440	304
HVO_RS05445	462
HVO_RS05450	211
HVO_RS05455	3236
HVO_RS05460	2598
HVO_RS05465	17680
HVO_RS05470	193
HVO_RS05475	9615
HVO_RS05480	1079
HVO_RS05485	1120
HVO_RS05490	15929
HVO_RS05495	8987
HVO_RS05500	31736
HVO_RS05505	5206
HVO_RS05510	3432
HVO_RS05515	5692
HVO_RS05520	50486
HVO_RS05525	501
HVO_RS05530	6405
HVO_RS05535	1880
HVO_RS05540	13466
HVO_RS05545	3417
HVO_RS05550	9839
HVO_RS05555	26779
HVO_RS05560	31075
HVO_RS05565	7323
HVO_RS05570	765
HVO_RS05575	2947
HVO_RS05580	20364
HVO_RS05585	238
HVO_RS05590	2115
HVO_RS05595	660
HVO_RS05600	44852
HVO_RS05605	71214
HVO_RS05610	11926
HVO_RS05615	2524
HVO_RS05620	6815
HVO_RS05625	14871
HVO_RS05630	12610
HVO_RS05635	1966
HVO_RS05640	7779
HVO_RS05645	91099
HVO_RS05650	3931
HVO_RS05655	26147
HVO_RS05660	7526
HVO_RS05665	3449
HVO_RS05670	12999
HVO_RS05675	661
HVO_RS05680	1110
HVO_RS05685	566
HVO_RS05690	29194
HVO_RS05695	29781
HVO_RS05700	602
HVO_RS05705	53728
HVO_RS05710	5339
HVO_RS05715	7733
HVO_RS05720	14657
HVO_RS05725	1134
HVO_RS05730	2720
HVO_RS05735	2375
HVO_RS05740	28394
HVO_RS05745	509149
HVO_RS05750	19356
HVO_RS05755	149
HVO_RS05760	360
HVO_RS05765	693
HVO_RS05770	5047
HVO_RS05775	37603
HVO_RS05780	15348
HVO_RS05785	1317
HVO_RS05790	1461
HVO_RS05795	677
HVO_RS05800	130
HVO_RS05805	199
HVO_RS05810	23116
HVO_RS05815	10009
HVO_RS05820	29355
HVO_RS05825	1553
HVO_RS05830	7795
HVO_RS05835	1306
HVO_RS05840	14507
HVO_RS05845	18017
HVO_RS05850	4012
HVO_RS05855	4140
HVO_RS05860	19627
HVO_RS05865	2204
HVO_RS05870	73441
HVO_RS05875	14109
HVO_RS05880	18207
HVO_RS05885	7106
HVO_RS05890	5508
HVO_RS05895	2908
HVO_RS05900	10610
HVO_RS05905	2147
HVO_RS05910	354
HVO_RS05915	19889
HVO_RS05920	442
HVO_RS05925	854
HVO_RS05930	1836
HVO_RS05935	198
HVO_RS05940	2660
HVO_RS05945	272
HVO_RS05950	7000
HVO_RS05955	703
HVO_RS05960	284
HVO_RS05965	1817
HVO_RS05975	178
HVO_RS05985	32
HVO_RS05990	674
HVO_RS05995	1211
HVO_RS06000	34
HVO_RS06005	2
HVO_RS06010	16
HVO_RS06015	138
HVO_RS06020	23
HVO_RS06025	45
HVO_RS06030	63
HVO_RS06035	72
HVO_RS06040	10
HVO_RS06045	35
HVO_RS06050	8
HVO_RS06055	349
HVO_RS06060	1215
HVO_RS06065	6895
HVO_RS06070	28490
HVO_RS06075	3041
HVO_RS06080	2397
HVO_RS06085	1646
HVO_RS06090	19974
HVO_RS06095	4199
HVO_RS06100	31444
HVO_RS06105	77081
HVO_RS06110	130883
HVO_RS06115	833
HVO_RS06120	1892
HVO_RS06125	590
HVO_RS06130	5082
HVO_RS06135	3598
HVO_RS06140	15789
HVO_RS06145	1181
HVO_RS06150	12927
HVO_RS06155	4585
HVO_RS06160	22877
HVO_RS06165	13171
HVO_RS06170	20213
HVO_RS06175	19021
HVO_RS06180	22398
HVO_RS06185	22428
HVO_RS06190	566
HVO_RS06195	37800
HVO_RS06200	30395
HVO_RS06205	57199
HVO_RS06210	39517
HVO_RS06215	33404
HVO_RS06220	115116
HVO_RS06225	14708
HVO_RS06230	256177
HVO_RS06235	263922
HVO_RS06240	8570
HVO_RS06245	51389
HVO_RS06250	1350
HVO_RS06255	85334
HVO_RS06260	73666
HVO_RS06265	34595
HVO_RS06270	24199
HVO_RS06275	10410
HVO_RS06280	2193
HVO_RS06285	78595
HVO_RS06290	1421
HVO_RS06295	10346
HVO_RS06300	2348
HVO_RS06305	10
HVO_RS06310	8843
HVO_RS06315	1699
HVO_RS06320	10227
HVO_RS06325	21323
HVO_RS06330	11822
HVO_RS06335	9337
HVO_RS06340	589
HVO_RS06345	236
HVO_RS06350	921
HVO_RS06355	426
HVO_RS06360	4605
HVO_RS06365	2622
HVO_RS06370	9937
HVO_RS06375	58599
HVO_RS06380	109007
HVO_RS06385	257844
HVO_RS06390	109855
HVO_RS06395	36944
HVO_RS06400	6098
HVO_RS06405	100062
HVO_RS06410	172725
HVO_RS06415	164
HVO_RS06420	907674
HVO_RS06425	10877
HVO_RS06430	10965
HVO_RS06435	1637172
HVO_RS06440	262591
HVO_RS06445	2754
HVO_RS06450	3405
HVO_RS06455	325
HVO_RS06460	0
HVO_RS06465	37
HVO_RS06470	46
HVO_RS06475	350
HVO_RS06480	18
HVO_RS06485	9
HVO_RS06490	264
HVO_RS06495	23
HVO_RS06500	8
HVO_RS06505	31
HVO_RS06510	55
HVO_RS06515	100
HVO_RS06520	58
HVO_RS06525	1046
HVO_RS06530	2784
HVO_RS06535	4805
HVO_RS06540	164
HVO_RS06545	205
HVO_RS06550	5
HVO_RS06555	1077
HVO_RS06560	1199
HVO_RS06565	6055
HVO_RS06570	29307
HVO_RS06575	24192
HVO_RS06580	6107
HVO_RS06585	1178
HVO_RS06590	9177
HVO_RS06595	31253
HVO_RS06600	368
HVO_RS06605	1620
HVO_RS06610	10031
HVO_RS06615	9519
HVO_RS06620	10337
HVO_RS06625	16311
HVO_RS06630	22453
HVO_RS06635	56998
HVO_RS06640	25628
HVO_RS06645	49485
HVO_RS06655	19880
HVO_RS06660	5941
HVO_RS06665	5610
HVO_RS06670	2349
HVO_RS06675	1251
HVO_RS06680	7059
HVO_RS06685	2375
HVO_RS06690	8219
HVO_RS06695	47055
HVO_RS06700	5408
HVO_RS06705	7077
HVO_RS06710	1607
HVO_RS06715	150377
HVO_RS06720	107144
HVO_RS06725	25107
HVO_RS06730	2574
HVO_RS06735	44638
HVO_RS06740	1774
HVO_RS06745	343
HVO_RS06750	1960
HVO_RS06755	1471
HVO_RS06760	9097
HVO_RS06765	2625
HVO_RS06770	3589
HVO_RS06775	295
HVO_RS06780	6299
HVO_RS06785	2108
HVO_RS06790	986
HVO_RS06795	1644
HVO_RS06800	16142
HVO_RS06805	33481
HVO_RS06810	16489
HVO_RS06815	887
HVO_RS06820	2145
HVO_RS06825	9911
HVO_RS06830	1777
HVO_RS06835	4295
HVO_RS06840	11314
HVO_RS06845	13530
HVO_RS06850	57619
HVO_RS06855	17090
HVO_RS06860	12692
HVO_RS06865	15590
HVO_RS06870	2135
HVO_RS06875	58566
HVO_RS06880	6886
HVO_RS06885	35533
HVO_RS06890	155522
HVO_RS06895	10657
HVO_RS06900	43013
HVO_RS06905	12785
HVO_RS06910	1051
HVO_RS06915	6192
HVO_RS06920	1851
HVO_RS06925	6924
HVO_RS06930	31254
HVO_RS06935	2919
HVO_RS06940	23106
HVO_RS06945	3427
HVO_RS06950	28267
HVO_RS06955	7968
HVO_RS06960	2114
HVO_RS06965	3999
HVO_RS06970	3773
HVO_RS06975	539
HVO_RS06980	1244
HVO_RS06985	402
HVO_RS06990	7139
HVO_RS06995	1241
HVO_RS07000	5710
HVO_RS07005	10344
HVO_RS07010	3586
HVO_RS07015	5814
HVO_RS07020	721
HVO_RS07025	18147
HVO_RS07030	260094
HVO_RS07035	59273
HVO_RS07040	3279
HVO_RS07045	101078
HVO_RS07050	3864
HVO_RS07055	3198
HVO_RS07060	211
HVO_RS07065	135316
HVO_RS07070	54074
HVO_RS07075	47670
HVO_RS07080	6115
HVO_RS07085	51126
HVO_RS07090	8145
HVO_RS07095	757
HVO_RS07100	3806
HVO_RS07105	280029
HVO_RS07110	66407
HVO_RS07115	988
HVO_RS07120	7217
HVO_RS07125	1033
HVO_RS07130	107
HVO_RS07135	1353
HVO_RS07140	334
HVO_RS07145	125
HVO_RS07150	6226
HVO_RS07155	2006
HVO_RS07160	19241
HVO_RS07165	2061
HVO_RS07170	1155
HVO_RS07175	16711
HVO_RS07180	364
HVO_RS07185	962
HVO_RS07190	1932
HVO_RS07195	279
HVO_RS07200	769
HVO_RS07205	6515
HVO_RS07210	1658
HVO_RS07215	38315
HVO_RS07220	7140
HVO_RS07225	6707
HVO_RS07230	11078
HVO_RS07235	1046
HVO_RS07240	2991
HVO_RS07245	360
HVO_RS07250	522
HVO_RS07260	143515
HVO_RS07265	44512
HVO_RS07270	27800
HVO_RS07275	46089
HVO_RS07280	4598
HVO_RS07285	72652
HVO_RS07290	1084
HVO_RS07295	5463
HVO_RS07300	11286
HVO_RS07305	293635
HVO_RS07310	2628
HVO_RS07315	3321
HVO_RS07320	5913
HVO_RS07325	13884
HVO_RS07330	6950
HVO_RS07335	2189
HVO_RS07340	6752
HVO_RS07345	976
HVO_RS07350	14992
HVO_RS07355	8737
HVO_RS07360	190
HVO_RS07365	1325
HVO_RS07370	1084
HVO_RS07375	2106
HVO_RS07380	3930
HVO_RS07385	2628
HVO_RS07390	1685
HVO_RS07395	228399
HVO_RS07400	2046
HVO_RS07405	1077
HVO_RS07410	1638
HVO_RS07415	1239
HVO_RS07420	588
HVO_RS07425	999
HVO_RS07430	13000
HVO_RS07435	16146
HVO_RS07440	20824
HVO_RS07445	1297
HVO_RS07450	3376
HVO_RS07455	18214
HVO_RS07460	4366
HVO_RS07465	863
HVO_RS07470	2268
HVO_RS07475	2172
HVO_RS07480	443
HVO_RS07485	6517
HVO_RS07490	12897
HVO_RS07495	675904
HVO_RS07500	139918
HVO_RS07505	18354
HVO_RS07510	299
HVO_RS07515	5537
HVO_RS07520	6905
HVO_RS07525	4883
HVO_RS07530	1960
HVO_RS07535	6210
HVO_RS07540	6734
HVO_RS07545	4753
HVO_RS07550	4146
HVO_RS07555	1905
HVO_RS07560	18301
HVO_RS07565	3974
HVO_RS07570	22737
HVO_RS07575	7657
HVO_RS07580	1566
HVO_RS07585	3447
HVO_RS07590	4658
HVO_RS07595	9996
HVO_RS07600	581
HVO_RS07605	284
HVO_RS07610	3282
HVO_RS07615	1676
HVO_RS07620	2375
HVO_RS07625	1006
HVO_RS07630	496
HVO_RS07635	565
HVO_RS07640	688
HVO_RS07645	2503
HVO_RS07650	4442
HVO_RS07655	658
HVO_RS07660	27
HVO_RS07665	178
HVO_RS07670	189
HVO_RS07675	110
HVO_RS07680	684
HVO_RS07685	1378
HVO_RS07690	9625
HVO_RS07695	809
HVO_RS07700	626
HVO_RS07705	4754
HVO_RS07710	1143
HVO_RS07715	1250
HVO_RS07720	15566
HVO_RS07725	163184
HVO_RS07730	11992
HVO_RS07735	5748
HVO_RS07740	1765
HVO_RS07745	13738
HVO_RS07750	12304
HVO_RS07755	25179
HVO_RS07760	2801
HVO_RS07765	952
HVO_RS07770	3615
HVO_RS07775	860
HVO_RS07780	4065
HVO_RS07785	3413
HVO_RS07790	1792
HVO_RS07795	1980
HVO_RS07800	4143
HVO_RS07805	8365
HVO_RS07810	1925
HVO_RS07815	10823
HVO_RS07820	7872
HVO_RS07825	25311
HVO_RS07830	27071
HVO_RS07835	1293
HVO_RS07840	696
HVO_RS07845	39136
HVO_RS07850	44931
HVO_RS07855	5636
HVO_RS07860	1696
HVO_RS07865	10244
HVO_RS07870	1337
HVO_RS07875	2455
HVO_RS07880	1690
HVO_RS07885	1313
HVO_RS07890	504
HVO_RS07895	1618
HVO_RS07900	2804
HVO_RS07905	1036
HVO_RS07910	2486
HVO_RS07915	3839
HVO_RS07920	6122
HVO_RS07925	4875
HVO_RS07930	216
HVO_RS07935	1850
HVO_RS07940	10573
HVO_RS07945	47670
HVO_RS07950	1155
HVO_RS07955	222673
HVO_RS07965	304
HVO_RS07970	15733
HVO_RS07975	18556
HVO_RS07980	5384
HVO_RS07985	1539
HVO_RS07990	35820
HVO_RS07995	1183
HVO_RS08000	325
HVO_RS08005	9245
HVO_RS08010	37951
HVO_RS08015	100398
HVO_RS08020	18926
HVO_RS08025	3299
HVO_RS08030	6112
HVO_RS08035	2603
HVO_RS08040	41790
HVO_RS08045	925
HVO_RS08050	33793
HVO_RS08055	2846
HVO_RS08060	153723
HVO_RS08065	1563
HVO_RS08070	64096
HVO_RS08075	13517
HVO_RS08080	9107
HVO_RS08085	2435
HVO_RS08090	1186
HVO_RS08095	80774
HVO_RS08100	9146
HVO_RS08105	4510
HVO_RS08110	3630
HVO_RS08115	6262
HVO_RS08120	14085
HVO_RS08125	3299
HVO_RS08130	3157
HVO_RS08135	8536
HVO_RS08140	4802
HVO_RS08145	86708
HVO_RS08150	2396
HVO_RS08155	11146
HVO_RS08160	9397
HVO_RS08165	30445
HVO_RS08170	1618
HVO_RS08175	1007
HVO_RS08180	6685
HVO_RS08185	38156
HVO_RS08190	3424
HVO_RS08195	5167
HVO_RS08200	18976
HVO_RS08205	18054
HVO_RS08210	5820
HVO_RS08215	3099
HVO_RS08220	41850
HVO_RS08225	16965
HVO_RS08230	14274
HVO_RS08235	2251
HVO_RS08240	11748
HVO_RS08245	24268
HVO_RS08250	4173
HVO_RS08255	20659
HVO_RS08260	12479
HVO_RS08265	20163
HVO_RS08270	642
HVO_RS08275	994
HVO_RS08280	77
HVO_RS08285	55
HVO_RS08290	86
HVO_RS08295	85
HVO_RS08300	85
HVO_RS08305	6
HVO_RS08310	70
HVO_RS08315	2299
HVO_RS08320	2054
HVO_RS08325	3523
HVO_RS08330	8347
HVO_RS08335	5293
HVO_RS08340	3955
HVO_RS08345	4228
HVO_RS08350	1282
HVO_RS08355	9936
HVO_RS08360	1208911
HVO_RS08365	13594
HVO_RS08370	3351
HVO_RS08375	5468
HVO_RS08380	36583
HVO_RS08385	216814
HVO_RS08390	7725
HVO_RS08395	1052
HVO_RS08400	2775
HVO_RS08405	52730
HVO_RS08410	37649
HVO_RS08415	6130
HVO_RS08420	261
HVO_RS08425	654
HVO_RS08430	86988
HVO_RS08435	4360
HVO_RS08440	5345
HVO_RS08445	6457
HVO_RS08450	34086
HVO_RS08455	334072
HVO_RS08460	4974
HVO_RS08465	1869
HVO_RS08470	1415
HVO_RS08475	2300
HVO_RS08480	3421
HVO_RS08485	6254
HVO_RS08490	4122
HVO_RS08495	3452
HVO_RS08500	31655
HVO_RS08505	8347
HVO_RS08510	10117
HVO_RS08515	48403
HVO_RS08520	2337
HVO_RS08525	4571
HVO_RS08530	16259
HVO_RS08535	6090
HVO_RS08540	24280
HVO_RS08545	63960
HVO_RS08550	8057
HVO_RS08555	8960
HVO_RS08560	6367
HVO_RS08565	49128
HVO_RS08570	2589
HVO_RS08575	8281
HVO_RS08580	65001
HVO_RS08585	3638
HVO_RS08590	2542
HVO_RS08595	22942
HVO_RS08600	1770
HVO_RS08605	1463
HVO_RS08610	13047
HVO_RS08615	1111
HVO_RS08620	18533
HVO_RS08625	8047
HVO_RS08630	30650
HVO_RS08635	9886
HVO_RS08640	1200
HVO_RS08645	4094
HVO_RS08650	7056
HVO_RS08655	12549
HVO_RS08660	26197
HVO_RS08665	13879
HVO_RS08670	6789
HVO_RS08675	7013
HVO_RS08680	12988
HVO_RS08685	5183
HVO_RS08690	16649
HVO_RS08695	10585
HVO_RS08700	1076
HVO_RS08705	6731
HVO_RS08710	41588
HVO_RS08715	12551
HVO_RS08720	5739
HVO_RS08725	12264
HVO_RS08730	1264
HVO_RS08735	111453
HVO_RS08740	78530
HVO_RS08745	34495
HVO_RS08750	71366
HVO_RS08755	34216
HVO_RS08760	2712
HVO_RS08765	7287
HVO_RS08770	213025
HVO_RS08775	1835
HVO_RS08780	35
HVO_RS08785	13451
HVO_RS08790	31864
HVO_RS08795	1623
HVO_RS08800	5180
HVO_RS08805	1306
HVO_RS08810	45197
HVO_RS08815	197607
HVO_RS08820	284328
HVO_RS08825	241921
HVO_RS08830	22330
HVO_RS08835	16505
HVO_RS08840	290
HVO_RS08845	3398
HVO_RS08850	55243
HVO_RS08855	1147
HVO_RS08860	22505
HVO_RS08865	8866
HVO_RS08870	100499
HVO_RS08875	41078
HVO_RS08880	305
HVO_RS08885	1334
HVO_RS08890	16175
HVO_RS08895	695
HVO_RS08900	7392
HVO_RS08905	725
HVO_RS08910	4562
HVO_RS08915	4279
HVO_RS08920	690127
HVO_RS08925	4795
HVO_RS08930	13973
HVO_RS08935	2880
HVO_RS08940	13294
HVO_RS08945	325
HVO_RS08950	104429
HVO_RS08955	116389
HVO_RS08960	10440
HVO_RS08965	3410
HVO_RS08970	3904
HVO_RS08975	13016
HVO_RS08980	9413
HVO_RS08985	21363
HVO_RS08990	183
HVO_RS08995	2905
HVO_RS09000	764
HVO_RS09005	703
HVO_RS09010	254
HVO_RS09015	360
HVO_RS09020	337
HVO_RS09025	505
HVO_RS09030	435
HVO_RS09035	1407
HVO_RS09040	2138
HVO_RS09045	54936
HVO_RS09050	15790
HVO_RS09055	2063
HVO_RS09060	90
HVO_RS09065	67153
HVO_RS09070	3006
HVO_RS09075	4540
HVO_RS09080	34658
HVO_RS09085	5984
HVO_RS09090	5824
HVO_RS09095	5005
HVO_RS09100	6915
HVO_RS09105	4654
HVO_RS09110	495
HVO_RS09115	85
HVO_RS09120	297
HVO_RS09125	188
HVO_RS09130	140
HVO_RS09140	1550
HVO_RS09145	6933
HVO_RS09150	33372
HVO_RS09155	1462
HVO_RS09160	477
HVO_RS09165	3635
HVO_RS09170	63848
HVO_RS09175	5670
HVO_RS09180	1052
HVO_RS09185	5058
HVO_RS09190	4373
HVO_RS09195	5193
HVO_RS09200	125764
HVO_RS09205	44479
HVO_RS09210	11176
HVO_RS09215	25789
HVO_RS09220	86165
HVO_RS09225	165419
HVO_RS09230	12143
HVO_RS09235	29190
HVO_RS09240	24288
HVO_RS09245	2012
HVO_RS09250	19618
HVO_RS09255	1869
HVO_RS09260	4500
HVO_RS09265	9883
HVO_RS09270	1911
HVO_RS09275	267
HVO_RS09280	499
HVO_RS09285	1153
HVO_RS09290	1246
HVO_RS09295	3444
HVO_RS09300	1233
HVO_RS09305	5454
HVO_RS09310	3504
HVO_RS09315	2091
HVO_RS09320	130817
HVO_RS09325	34907
HVO_RS09330	1564
HVO_RS09335	1784
HVO_RS09340	2829
HVO_RS09345	14219
HVO_RS09350	15949
HVO_RS09355	99701
HVO_RS09360	46213
HVO_RS09365	5138
HVO_RS09370	3483
HVO_RS09375	9142
HVO_RS09380	6353
HVO_RS09385	71965
HVO_RS09390	53095
HVO_RS09395	203197
HVO_RS09400	71695
HVO_RS09405	69579
HVO_RS09410	9291
HVO_RS09415	8462
HVO_RS09420	3195
HVO_RS09425	116926
HVO_RS09430	76889
HVO_RS09435	100642
HVO_RS09440	186
HVO_RS09445	18143
HVO_RS09450	25164
HVO_RS09455	2811
HVO_RS09460	3320
HVO_RS09465	9054
HVO_RS09470	7667
HVO_RS09475	6614
HVO_RS09480	1261
HVO_RS09485	43722
HVO_RS09490	119059
HVO_RS09495	436
HVO_RS09500	206
HVO_RS09505	2141
HVO_RS09510	9757
HVO_RS09515	2197
HVO_RS09520	4549
HVO_RS09525	4580
HVO_RS09530	1186
HVO_RS09535	98
HVO_RS09540	18663
HVO_RS09545	882
HVO_RS09550	537
HVO_RS09555	3341
HVO_RS09560	21082
HVO_RS09565	12535
HVO_RS09570	5266
HVO_RS09575	6096
HVO_RS09580	2073
HVO_RS09585	47975
HVO_RS09590	624
HVO_RS09595	59179
HVO_RS09600	2166
HVO_RS09605	9428
HVO_RS09610	12788
HVO_RS09615	2922
HVO_RS09620	12332
HVO_RS09625	2893
HVO_RS09630	26884
HVO_RS09635	2702
HVO_RS09640	2156
HVO_RS09645	7326
HVO_RS09650	21255
HVO_RS09655	1424
HVO_RS09660	7535
HVO_RS09665	14487
HVO_RS09670	4890
HVO_RS09675	2477
HVO_RS09680	16005
HVO_RS09685	8022
HVO_RS09690	2426
HVO_RS09695	40729
HVO_RS09700	2312
HVO_RS09705	8041
HVO_RS09710	5288
HVO_RS09715	7469
HVO_RS09720	2057
HVO_RS09725	14707
HVO_RS09730	15574
HVO_RS09735	17577
HVO_RS09740	1227
HVO_RS09745	5329
HVO_RS09750	4465
HVO_RS09755	28227
HVO_RS09760	10830
HVO_RS09765	6066
HVO_RS09770	13258
HVO_RS09775	44746
HVO_RS09780	16298
HVO_RS09785	1066
HVO_RS09790	6259
HVO_RS09795	12229
HVO_RS09800	3031
HVO_RS09805	983
HVO_RS09810	7711
HVO_RS09815	10401
HVO_RS09820	1420
HVO_RS09825	1143
HVO_RS09830	21512
HVO_RS09835	6478
HVO_RS09840	28312
HVO_RS09845	20616
HVO_RS09850	12238
HVO_RS09855	6678
HVO_RS09860	1412
HVO_RS09865	38178
HVO_RS09870	2772
HVO_RS09875	3340
HVO_RS09880	42043
HVO_RS09885	129368
HVO_RS09890	12710
HVO_RS09895	17631
HVO_RS09900	18085
HVO_RS09905	5791
HVO_RS09910	8975
HVO_RS09915	1158
HVO_RS09920	120019
HVO_RS09925	76010
HVO_RS09930	2659
HVO_RS09935	23004
HVO_RS09940	34774
HVO_RS09945	2062
HVO_RS09950	4511
HVO_RS09955	3441
HVO_RS09960	19091
HVO_RS09965	2635
HVO_RS09970	1185
HVO_RS09975	3261
HVO_RS09980	2076
HVO_RS09985	1156
HVO_RS09990	5073
HVO_RS09995	3694
HVO_RS10000	6665
HVO_RS10005	6633
HVO_RS10010	72
HVO_RS10020	1860
HVO_RS10025	781
HVO_RS10030	2143
HVO_RS10035	36436
HVO_RS10040	2262
HVO_RS10045	4163
HVO_RS10050	3279
HVO_RS10055	909
HVO_RS10060	15620
HVO_RS10065	21554
HVO_RS10070	81105
HVO_RS10075	18975
HVO_RS10080	53616
HVO_RS10085	156164
HVO_RS10090	14043
HVO_RS10095	24631
HVO_RS10100	2161
HVO_RS10105	19152
HVO_RS10110	2524
HVO_RS10115	413
HVO_RS10120	5398
HVO_RS10125	5993
HVO_RS10130	62407
HVO_RS10135	10460
HVO_RS10140	46152
HVO_RS10145	164970
HVO_RS10150	128733
HVO_RS10155	13676
HVO_RS10160	556
HVO_RS10165	3818
HVO_RS10170	35635
HVO_RS10175	61319
HVO_RS10180	12661
HVO_RS10185	1357
HVO_RS10190	1251
HVO_RS10195	5345
HVO_RS10200	8111
HVO_RS10205	108151
HVO_RS10210	12877
HVO_RS10215	46677
HVO_RS10220	168086
HVO_RS10225	12770
HVO_RS10230	107016
HVO_RS10235	224631
HVO_RS10240	11836
HVO_RS10245	899
HVO_RS10250	171
HVO_RS10255	579
HVO_RS10260	255
HVO_RS10265	233
HVO_RS10270	2196
HVO_RS10275	6899
HVO_RS10280	1525
HVO_RS10285	78387
HVO_RS10290	1456
HVO_RS10295	42179
HVO_RS10300	31535
HVO_RS10305	6488
HVO_RS10310	1052
HVO_RS10315	10982
HVO_RS10320	7095
HVO_RS10325	20318
HVO_RS10330	8959
HVO_RS10335	18327
HVO_RS10340	4746
HVO_RS10345	15660
HVO_RS10350	3594
HVO_RS10355	11518
HVO_RS10360	4119
HVO_RS10365	6783
HVO_RS10370	694
HVO_RS10375	13615
HVO_RS10380	1665
HVO_RS10385	2752
HVO_RS10390	13012
HVO_RS10395	6480
HVO_RS10400	95856
HVO_RS10405	40286
HVO_RS10410	4141
HVO_RS10415	225737
HVO_RS10420	7142
HVO_RS10425	24636
HVO_RS10430	623
HVO_RS10435	89
HVO_RS10440	270
HVO_RS10445	801
HVO_RS10450	572
HVO_RS10455	66833
HVO_RS10460	42459
HVO_RS10465	22599
HVO_RS10470	9080
HVO_RS10475	2277
HVO_RS10480	479
HVO_RS10485	1680
HVO_RS10490	162
HVO_RS10495	1294
HVO_RS10500	1127
HVO_RS10505	18383
HVO_RS10510	884
HVO_RS10515	662
HVO_RS10520	613
HVO_RS10525	7879
HVO_RS10530	603
HVO_RS10535	109
HVO_RS10540	65
HVO_RS10545	70
HVO_RS10550	932
HVO_RS10555	555
HVO_RS10560	683
HVO_RS10565	188
HVO_RS10570	345
HVO_RS10575	549
HVO_RS10580	3609
HVO_RS10585	642
HVO_RS10590	1104
HVO_RS10595	113
HVO_RS10600	2655
HVO_RS10605	69082
HVO_RS10610	2409
HVO_RS10615	1575
HVO_RS10620	1978
HVO_RS10625	593
HVO_RS10630	7857
HVO_RS10635	3014
HVO_RS10640	2601
HVO_RS10645	2085
HVO_RS10650	7988
HVO_RS10655	1431
HVO_RS10660	4541
HVO_RS10665	11794
HVO_RS10670	14381
HVO_RS10675	14598
HVO_RS10680	2333
HVO_RS10685	3542
HVO_RS10690	16745
HVO_RS10695	5743
HVO_RS10700	3488
HVO_RS10705	20654
HVO_RS10710	25707
HVO_RS10715	3658
HVO_RS10720	1181
HVO_RS10725	5023
HVO_RS10730	2443
HVO_RS10735	1710
HVO_RS10740	3004
HVO_RS10745	5698
HVO_RS10750	3382
HVO_RS10755	5491
HVO_RS10760	2960
HVO_RS10765	1288
HVO_RS10770	1232
HVO_RS10775	3591
HVO_RS10780	5925
HVO_RS10785	6097
HVO_RS10790	22852
HVO_RS10795	1009
HVO_RS10800	34275
HVO_RS10805	7861
HVO_RS10810	175131
HVO_RS10815	26935
HVO_RS10820	22550
HVO_RS10825	49499
HVO_RS10830	82654
HVO_RS10835	4174
HVO_RS10840	3587
HVO_RS10845	1897
HVO_RS10850	4145
HVO_RS10855	1259
HVO_RS10860	3350
HVO_RS10865	3055
HVO_RS10870	7761
HVO_RS10875	17858
HVO_RS10880	96
HVO_RS10885	9703
HVO_RS10890	26873
HVO_RS10895	62034
HVO_RS10900	34970
HVO_RS10905	12282
HVO_RS10910	304
HVO_RS10915	3918
HVO_RS10920	16487
HVO_RS10925	5825
HVO_RS10930	1034
HVO_RS10935	2139
HVO_RS10940	345
HVO_RS10945	1623
HVO_RS10960	9646
HVO_RS10965	24370
HVO_RS10970	7649
HVO_RS10975	5499
HVO_RS10980	222501
HVO_RS10985	479265
HVO_RS10990	7526
HVO_RS10995	2321
HVO_RS11000	435
HVO_RS11005	9733
HVO_RS11010	35287
HVO_RS11015	77608
HVO_RS11020	15839
HVO_RS11025	3342
HVO_RS11030	4256
HVO_RS11035	6018
HVO_RS11040	2064
HVO_RS11050	5758
HVO_RS11055	258
HVO_RS11060	929
HVO_RS11065	2106
HVO_RS11070	2856
HVO_RS11075	1601
HVO_RS11080	351
HVO_RS11090	19823
HVO_RS11095	1245
HVO_RS11100	389
HVO_RS11105	849
HVO_RS11110	6970
HVO_RS11115	2448
HVO_RS11120	10132
HVO_RS11125	1263
HVO_RS11130	1541
HVO_RS11135	12859
HVO_RS11140	59352
HVO_RS11145	38180
HVO_RS11150	2366
HVO_RS11155	6994
HVO_RS11160	2672
HVO_RS11165	6358
HVO_RS11170	7661
HVO_RS11175	40181
HVO_RS11180	7184
HVO_RS11185	57269
HVO_RS11190	7076
HVO_RS11195	4659
HVO_RS11200	1028
HVO_RS11205	18516
HVO_RS11210	24064
HVO_RS11215	929
HVO_RS11220	8763
HVO_RS11225	8405
HVO_RS11230	1571
HVO_RS11235	13908
HVO_RS11240	38869
HVO_RS11245	10378
HVO_RS11250	11847
HVO_RS11255	14589
HVO_RS11260	287
HVO_RS11265	247
HVO_RS11270	120
HVO_RS11275	880
HVO_RS11280	82
HVO_RS11285	435
HVO_RS11290	24235
HVO_RS11295	34959
HVO_RS11300	27920
HVO_RS11305	6180
HVO_RS11310	7105
HVO_RS11315	16794
HVO_RS11320	10362
HVO_RS11325	20427
HVO_RS11330	1983
HVO_RS11335	9282
HVO_RS11340	9763
HVO_RS11350	15603
HVO_RS11355	3857
HVO_RS11360	14589
HVO_RS11365	15904
HVO_RS11370	4966
HVO_RS11375	8908
HVO_RS11380	588
HVO_RS11385	8800
HVO_RS11390	12846
HVO_RS11395	15767
HVO_RS11400	13576
HVO_RS11405	19806
HVO_RS11410	3104
HVO_RS11415	6437
HVO_RS11420	25928
HVO_RS11425	12585
HVO_RS11430	18256
HVO_RS11435	39835
HVO_RS11440	6074
HVO_RS11445	6311
HVO_RS11450	24792
HVO_RS11455	132105
HVO_RS11460	23893
HVO_RS11465	5339
HVO_RS11470	1263
HVO_RS11475	4745
HVO_RS11480	1205
HVO_RS11485	15251
HVO_RS11490	467
HVO_RS11495	927
HVO_RS11500	1078
HVO_RS11505	921
HVO_RS11510	15397
HVO_RS11515	9577
HVO_RS11520	7986
HVO_RS11525	5282
HVO_RS11530	4710
HVO_RS11540	5079
HVO_RS11545	1556
HVO_RS11555	1415
HVO_RS11560	1187
HVO_RS11565	1378
HVO_RS11575	6704
HVO_RS11580	212
HVO_RS11585	15
HVO_RS11590	28
HVO_RS11595	52
HVO_RS11600	760
HVO_RS11605	210
HVO_RS11610	662
HVO_RS11615	812
HVO_RS11625	1750
HVO_RS11630	6448
HVO_RS11635	41741
HVO_RS11640	3530
HVO_RS11645	19979
HVO_RS11650	17433
HVO_RS11655	1280
HVO_RS11660	1701
HVO_RS11665	2165
HVO_RS11670	23495
HVO_RS11675	10946
HVO_RS11680	3769
HVO_RS11685	6912
HVO_RS11690	255
HVO_RS11695	1003
HVO_RS11700	5144
HVO_RS11705	32124
HVO_RS11710	8222
HVO_RS11715	37345
HVO_RS11720	9488
HVO_RS11725	5309
HVO_RS11730	5752
HVO_RS11735	8513
HVO_RS11740	20412
HVO_RS11745	3169
HVO_RS11750	1886
HVO_RS11755	2687
HVO_RS11760	1866
HVO_RS11765	2570
HVO_RS11770	11599
HVO_RS11775	1135
HVO_RS11780	1718
HVO_RS11785	4068
HVO_RS11790	10806
HVO_RS11795	14886
HVO_RS11800	7861
HVO_RS11805	9499
HVO_RS11810	23878
HVO_RS11815	5078
HVO_RS11820	1365
HVO_RS11825	190
HVO_RS11830	3654
HVO_RS11835	148671
HVO_RS11840	3431
HVO_RS11845	404
HVO_RS11850	291436
HVO_RS11855	53735
HVO_RS11860	1111
HVO_RS11865	1520
HVO_RS11870	6932
HVO_RS11875	950
HVO_RS11880	1726
HVO_RS11885	276789
HVO_RS11890	236
HVO_RS11895	245
HVO_RS11900	12507
HVO_RS11905	6636
HVO_RS11910	23705
HVO_RS11915	8380
HVO_RS11920	16548
HVO_RS11925	207
HVO_RS11930	1315
HVO_RS11935	6712
HVO_RS11940	1631
HVO_RS11945	1883
HVO_RS11950	7649
HVO_RS11955	5777
HVO_RS11960	12860
HVO_RS11965	375
HVO_RS11970	8456
HVO_RS11975	3707
HVO_RS11980	18962
HVO_RS11985	7853
HVO_RS11990	1586
HVO_RS11995	4333
HVO_RS12000	1620
HVO_RS12005	2996
HVO_RS12010	4460
HVO_RS12015	9124
HVO_RS12020	810
HVO_RS12025	55
HVO_RS12030	449
HVO_RS12035	20698
HVO_RS12040	11425
HVO_RS12045	9439
HVO_RS12050	63504
HVO_RS12055	12000
HVO_RS12060	8026
HVO_RS12065	2767
HVO_RS12070	1251
HVO_RS12075	5238
HVO_RS12080	5614
HVO_RS12085	3986
HVO_RS12090	1158
HVO_RS12095	3954
HVO_RS12100	62627
HVO_RS12105	12804
HVO_RS12110	7361
HVO_RS12115	11191
HVO_RS12120	25309
HVO_RS12125	70217
HVO_RS12130	100052
HVO_RS12135	2372
HVO_RS12140	3328
HVO_RS12145	3905
HVO_RS12150	1367
HVO_RS12155	5289
HVO_RS12160	2785
HVO_RS12165	8271
HVO_RS12170	1606
HVO_RS12175	23106
HVO_RS12180	6880
HVO_RS12185	5870
HVO_RS12190	9013
HVO_RS12195	47171
HVO_RS12200	76905
HVO_RS12205	25832
HVO_RS12210	4703
HVO_RS12215	6301
HVO_RS12220	3457
HVO_RS12225	3099
HVO_RS12230	7479
HVO_RS12235	2157
HVO_RS12240	22579
HVO_RS12245	60733
HVO_RS12250	134770
HVO_RS12255	159339
HVO_RS12260	18508
HVO_RS12265	13493
HVO_RS12270	17070
HVO_RS12275	10531
HVO_RS12280	16156
HVO_RS12285	42014
HVO_RS12290	13056
HVO_RS12295	5968
HVO_RS12300	3956
HVO_RS12305	610
HVO_RS12310	1006
HVO_RS12315	5112
HVO_RS12320	12494
HVO_RS12325	983
HVO_RS12330	6317
HVO_RS12335	4682
HVO_RS12340	17697
HVO_RS12345	286108
HVO_RS12350	5916
HVO_RS12355	21105
HVO_RS12360	19966
HVO_RS12365	12054
HVO_RS12370	8476
HVO_RS12375	18822
HVO_RS12380	6393
HVO_RS12385	12713
HVO_RS12390	4722
HVO_RS12395	14623
HVO_RS12400	10506
HVO_RS12405	26917
HVO_RS12410	8330
HVO_RS12415	16368
HVO_RS12420	3034
HVO_RS12425	29544
HVO_RS12430	5820
HVO_RS12435	12717
HVO_RS12440	40526
HVO_RS12445	4793
HVO_RS12450	2137
HVO_RS12455	4938
HVO_RS12460	1435
HVO_RS12465	2928
HVO_RS12470	5538
HVO_RS12475	2339
HVO_RS12480	2778
HVO_RS12485	824
HVO_RS12490	296
HVO_RS12495	1329
HVO_RS12500	18796
HVO_RS12505	17637
HVO_RS12510	27901
HVO_RS12515	962
HVO_RS12520	11678
HVO_RS12525	1601
HVO_RS12530	29373
HVO_RS12535	964
HVO_RS12540	16961
HVO_RS12545	1117
HVO_RS12550	2076
HVO_RS12555	2086
HVO_RS12560	325188
HVO_RS12565	92
HVO_RS12570	20
HVO_RS12575	136
HVO_RS12580	8
HVO_RS12585	48
HVO_RS12590	392
HVO_RS12595	14
HVO_RS12600	113
HVO_RS12605	884
HVO_RS12610	942
HVO_RS12615	1092
HVO_RS12620	1798
HVO_RS12625	32445
HVO_RS12630	19415
HVO_RS12635	32568
HVO_RS12640	4474
HVO_RS12645	5941
HVO_RS12650	12996
HVO_RS12655	8247
HVO_RS12660	6651
HVO_RS12665	6345
HVO_RS12670	5285
HVO_RS12675	7007
HVO_RS12680	18559
HVO_RS12685	3244
HVO_RS12695	355
HVO_RS12700	4182
HVO_RS12705	614
HVO_RS12710	14188
HVO_RS12715	6753
HVO_RS12720	5127
HVO_RS12725	5440
HVO_RS12730	5414
HVO_RS12735	211
HVO_RS12740	1283
HVO_RS12745	27915
HVO_RS12750	3714
HVO_RS12755	26552
HVO_RS12760	3942
HVO_RS12765	2809
HVO_RS12770	210769
HVO_RS12775	18313
HVO_RS12780	11577
HVO_RS12785	790
HVO_RS12790	5539
HVO_RS12795	74965
HVO_RS12800	18557
HVO_RS12805	1994
HVO_RS12810	335
HVO_RS12815	3317
HVO_RS12820	382
HVO_RS12825	92481
HVO_RS12830	28711
HVO_RS12835	33700
HVO_RS12840	8863
HVO_RS12845	17814
HVO_RS12850	5814
HVO_RS12855	2620
HVO_RS12860	15791
HVO_RS12865	7289
HVO_RS12870	8221
HVO_RS12875	8106
HVO_RS12880	982
HVO_RS12885	509
HVO_RS12890	36287
HVO_RS12895	6579
HVO_RS12900	53156
HVO_RS12905	16208
HVO_RS12910	10079
HVO_RS12915	9564
HVO_RS12920	137409
HVO_RS12925	25069
HVO_RS12930	66114
HVO_RS12935	4778
HVO_RS12940	771
HVO_RS12945	1497
HVO_RS12950	1108
HVO_RS12955	1811
HVO_RS12960	2207
HVO_RS12965	2460
HVO_RS12970	3707
HVO_RS12975	1403
HVO_RS12980	192
HVO_RS12985	146
HVO_RS12990	46643
HVO_RS12995	1088
HVO_RS13000	4975
HVO_RS13005	9960
HVO_RS13010	65971
HVO_RS13015	4911
HVO_RS13020	43
HVO_RS13025	2219
HVO_RS13030	34
HVO_RS13035	2597
HVO_RS13040	42067
HVO_RS13045	19604
HVO_RS13055	33929
HVO_RS13060	25460
HVO_RS13065	3440
HVO_RS13070	7623
HVO_RS13075	17325
HVO_RS13080	26315
HVO_RS13085	3880
HVO_RS13090	2182
HVO_RS13095	14256
HVO_RS13100	56933
HVO_RS13105	3109
HVO_RS13110	91
HVO_RS13115	14057
HVO_RS13120	2997
HVO_RS13125	178029
HVO_RS13130	12307
HVO_RS13135	2426
HVO_RS13140	5491
HVO_RS13145	6884
HVO_RS13150	144044
HVO_RS13155	234601
HVO_RS13160	26165
HVO_RS13165	15001
HVO_RS13170	18829
HVO_RS13175	3800
HVO_RS13180	8262
HVO_RS13185	3855
HVO_RS13190	6430
HVO_RS13195	692
HVO_RS13200	246
HVO_RS13205	216
HVO_RS13210	314
HVO_RS13215	19
HVO_RS13220	614
HVO_RS13225	126
HVO_RS13230	185
HVO_RS13235	388
HVO_RS13240	251
HVO_RS13245	182
HVO_RS13250	51779
HVO_RS13255	3168
HVO_RS13265	1350
HVO_RS13270	422
HVO_RS13275	14269
HVO_RS13280	3522
HVO_RS13285	1682
HVO_RS13290	15779
HVO_RS13295	3249
HVO_RS13300	14327
HVO_RS13305	2200
HVO_RS13310	4734
HVO_RS13330	4113
HVO_RS13340	6544
HVO_RS13345	19413
HVO_RS13350	8335
HVO_RS13355	20657
HVO_RS13360	4913
HVO_RS13365	395
HVO_RS13370	4270
HVO_RS13375	479
HVO_RS13380	13904
HVO_RS13385	3539
HVO_RS13390	4240
HVO_RS13395	14119
HVO_RS13400	1780
HVO_RS13405	2175
HVO_RS13410	702
HVO_RS13415	2232
HVO_RS13420	13896
HVO_RS13425	2284
HVO_RS13430	6674
HVO_RS13435	5337
HVO_RS13440	3909
HVO_RS13445	6235
HVO_RS13450	10632
HVO_RS13455	9093
HVO_RS13460	20508
HVO_RS13465	5735
HVO_RS13470	2330
HVO_RS13475	23143
HVO_RS13480	1972
HVO_RS13485	21856
HVO_RS13490	11602
HVO_RS13495	87551
HVO_RS13500	3255
HVO_RS13505	525
HVO_RS13510	607
HVO_RS13530	3899
HVO_RS13535	14
HVO_RS13540	384
HVO_RS13545	2162
HVO_RS13550	792
HVO_RS13560	581
HVO_RS13565	624
HVO_RS13570	41929
HVO_RS13575	5371
HVO_RS13580	3432
HVO_RS13585	7393
HVO_RS13590	20638
HVO_RS13595	11927
HVO_RS13600	6920
HVO_RS13605	1783
HVO_RS13610	6122
HVO_RS13615	18233
HVO_RS13620	19703
HVO_RS13625	9447
HVO_RS13630	9715
HVO_RS13635	23507
HVO_RS13640	38391
HVO_RS13645	9290
HVO_RS13650	1034
HVO_RS13655	3809
HVO_RS13660	18567
HVO_RS13665	9678
HVO_RS13670	38720
HVO_RS13675	8923
HVO_RS13680	202912
HVO_RS13685	14611
HVO_RS13690	167641
HVO_RS13695	4624
HVO_RS13700	2929
HVO_RS13705	2458
HVO_RS13710	2544
HVO_RS13715	69594
HVO_RS13720	1733
HVO_RS13725	26956
HVO_RS13730	688
HVO_RS13735	722
HVO_RS13740	2913
HVO_RS13745	1754
HVO_RS13750	1329
HVO_RS13755	4569
HVO_RS13760	2701
HVO_RS13765	14748
HVO_RS13770	851
HVO_RS13775	2267
HVO_RS13780	4811
HVO_RS13785	1897
HVO_RS13790	28809
HVO_RS13795	54155
HVO_RS13800	28267
HVO_RS13805	3077
HVO_RS13810	37421
HVO_RS13815	37464
HVO_RS13820	224509
HVO_RS13825	1132
HVO_RS13830	4950
HVO_RS13835	925
HVO_RS13840	8616
HVO_RS13845	424
HVO_RS13850	105083
HVO_RS13855	3440
HVO_RS13860	492
HVO_RS13865	1596
HVO_RS13870	31
HVO_RS13875	12048
HVO_RS13880	58170
HVO_RS13885	76772
HVO_RS13890	14170
HVO_RS13900	8720
HVO_RS13905	53709
HVO_RS13910	4100
HVO_RS13915	17720
HVO_RS13920	1368
HVO_RS13925	7229
HVO_RS13930	2009
HVO_RS13935	14616
HVO_RS13940	3900
HVO_RS13945	2678
HVO_RS13950	3855
HVO_RS13955	9962
HVO_RS13960	4397
HVO_RS13965	223
HVO_RS13970	1292
HVO_RS13975	1304
HVO_RS13980	776
HVO_RS13985	1656
HVO_RS13990	5946
HVO_RS13995	984
HVO_RS14000	5917
HVO_RS14005	11585
HVO_RS14010	9287
HVO_RS14015	1134
HVO_RS14020	2905
HVO_RS14025	14072
HVO_RS14030	7568
HVO_RS14035	118054
HVO_RS14040	2614
HVO_RS14045	1522
HVO_RS14050	2210
HVO_RS14055	2133
HVO_RS14060	3643
HVO_RS14070	1490
HVO_RS14075	3804
HVO_RS14080	98452
HVO_RS14085	1514
HVO_RS14090	44139
HVO_RS14095	3263
HVO_RS14100	3357
HVO_RS14105	20868
HVO_RS14110	3081
HVO_RS14115	57770
HVO_RS14120	27644
HVO_RS14125	26468
HVO_RS14130	4546
HVO_RS14135	9874
HVO_RS14140	7383
HVO_RS14145	311
HVO_RS14150	715
HVO_RS14155	1550
HVO_RS14160	2524
HVO_RS14165	30658
HVO_RS14170	3666
HVO_RS14175	26376
HVO_RS14180	40466
HVO_RS14185	133158
HVO_RS14190	2618
HVO_RS14195	14620
HVO_RS14200	16628
HVO_RS14205	163261
HVO_RS14215	1252
HVO_RS14220	692
HVO_RS14225	69
HVO_RS14230	1719
HVO_RS14235	965
HVO_RS14240	17870
HVO_RS14245	34305
HVO_RS14250	3480
HVO_RS14255	117207
HVO_RS14260	15035
HVO_RS14265	179671
HVO_RS14270	22916
HVO_RS14275	314
HVO_RS14280	3016
HVO_RS14285	2075
HVO_RS14290	1497
HVO_RS14295	1782
HVO_RS14300	2480
HVO_RS14305	76
HVO_RS14310	11104
HVO_RS14315	7543
HVO_RS14320	5109
HVO_RS14325	6330
HVO_RS14330	5881
HVO_RS14340	2252
HVO_RS14345	16892
HVO_RS14350	2431
HVO_RS14355	4778
HVO_RS14360	7812
HVO_RS14365	11681
HVO_RS14370	54286
HVO_RS14375	3479
HVO_RS14380	121278
HVO_RS14385	17691
HVO_RS14390	201781
HVO_RS14395	18508
HVO_RS14400	17211
HVO_RS14405	5487
HVO_RS14410	28550
HVO_RS14415	2572
HVO_RS14420	6710
HVO_RS14425	252
HVO_RS14430	18774
HVO_RS14435	1368
HVO_RS14440	431
HVO_RS14445	2868
HVO_RS14455	8980
HVO_RS14460	11890
HVO_RS14465	18621
HVO_RS14470	5040
HVO_RS14475	2989
HVO_RS14480	3561
HVO_RS14485	7448
HVO_RS14490	675
HVO_RS14495	191012
HVO_RS14505	4662
HVO_RS14510	5631
HVO_RS14515	36965
HVO_RS14520	1890
HVO_RS14525	3036
HVO_RS14530	354
HVO_RS14535	682
HVO_RS14540	1205
HVO_RS14545	2377
HVO_RS14550	10998
HVO_RS14555	17107
HVO_RS14560	25285
HVO_RS14565	353
HVO_RS14570	485
HVO_RS14575	0
HVO_RS14580	4191
HVO_RS14585	27588
HVO_RS14590	2137
HVO_RS14595	6407
HVO_RS14600	12868
HVO_RS14605	5996
HVO_RS14610	84359
HVO_RS14615	102730
HVO_RS14620	48898
HVO_RS14625	126
HVO_RS14630	4432
HVO_RS14635	22965
HVO_RS14640	7886
HVO_RS14645	76873
HVO_RS14650	59720
HVO_RS14655	132751
HVO_RS14660	5506942
HVO_RS14665	4886
HVO_RS14670	7243
HVO_RS14675	12015
HVO_RS14680	515391
HVO_RS14685	259
HVO_RS14690	917
HVO_RS14695	28540
HVO_RS14700	35123
HVO_RS14705	46857
HVO_RS14710	14349
HVO_RS14715	4523
HVO_RS14720	10366
HVO_RS14725	1627
HVO_RS14730	1930
HVO_RS14735	14066
HVO_RS14740	1773
HVO_RS14745	2185
HVO_RS14755	8127
HVO_RS14760	1823
HVO_RS14765	2568
HVO_RS14770	3956
HVO_RS14775	3287
HVO_RS14780	1017
HVO_RS14785	2192
HVO_RS14790	66
HVO_RS14795	543
HVO_RS14800	770
HVO_RS14805	530
HVO_RS14810	3543
HVO_RS14815	85
HVO_RS14820	72
HVO_RS14825	232
HVO_RS14830	1212
HVO_RS14835	1817
HVO_RS14840	271
HVO_RS14845	3593
HVO_RS14850	44
HVO_RS14855	475
HVO_RS14860	196
HVO_RS14865	2905
HVO_RS14870	93
HVO_RS14875	139
HVO_RS14880	841
HVO_RS14885	181
HVO_RS14890	264
HVO_RS14895	591
HVO_RS14900	9540
HVO_RS14905	6766
HVO_RS14910	8419
HVO_RS14915	11615
HVO_RS14920	78960
HVO_RS14925	5816
HVO_RS14930	3169
HVO_RS14935	4359
HVO_RS14940	18392
HVO_RS14945	378
HVO_RS14950	6706
HVO_RS14955	632
HVO_RS14960	307
HVO_RS14965	2265
HVO_RS14970	98
HVO_RS14975	7319
HVO_RS14980	34133
HVO_RS14985	627
HVO_RS14990	2660
HVO_RS14995	42
HVO_RS15000	289
HVO_RS15005	98
HVO_RS15010	843
HVO_RS15015	3144
HVO_RS15020	323
HVO_RS15025	21117
HVO_RS15030	802
HVO_RS15035	332029
HVO_RS15040	795
HVO_RS15045	729
HVO_RS15050	886994
HVO_RS15055	180089
HVO_RS15060	5933
HVO_RS15065	83277
HVO_RS15070	2938
HVO_RS15075	8789
HVO_RS15080	6859
HVO_RS15085	20814
HVO_RS15090	651086
HVO_RS15095	37152
HVO_RS15100	1085
HVO_RS15105	2134
HVO_RS15110	5095
HVO_RS15115	7509
HVO_RS15120	1141
HVO_RS15125	6123
HVO_RS15130	25735
HVO_RS15135	10606
HVO_RS15140	970
HVO_RS15145	14411
HVO_RS15150	86928
HVO_RS15155	10961
HVO_RS15160	2934
HVO_RS15165	7210
HVO_RS15170	54372
HVO_RS15175	4887
HVO_RS15180	284
HVO_RS15185	3487
HVO_RS15190	1207
HVO_RS15195	228
HVO_RS15200	411
HVO_RS15205	7951
HVO_RS15210	476
HVO_RS15215	2801
HVO_RS15220	18578
HVO_RS15225	6998
HVO_RS15230	2033
HVO_RS15235	4577
HVO_RS15240	18101
HVO_RS15245	383
HVO_RS15250	6319
HVO_RS15255	7850
HVO_RS15260	3221
HVO_RS15270	3022
HVO_RS15275	12908
HVO_RS15280	545
HVO_RS15285	9142
HVO_RS15290	1651
HVO_RS15295	3174
HVO_RS15300	52508
HVO_RS15305	188588
HVO_RS15310	51868
HVO_RS15315	3572
HVO_RS15320	5172
HVO_RS15325	2334
HVO_RS15330	6771
HVO_RS15335	357
HVO_RS15340	839
HVO_RS15345	145
HVO_RS15350	8206
HVO_RS15355	7241
HVO_RS15360	2510
HVO_RS15365	16708
HVO_RS15370	1028
HVO_RS15375	2264
HVO_RS15380	56344
HVO_RS15385	164
HVO_RS15390	84
HVO_RS15395	5602
HVO_RS15400	192099
HVO_RS15405	30927
HVO_RS15410	65685
HVO_RS15415	5241
HVO_RS15420	5058
HVO_RS15425	4104
HVO_RS15430	5382
HVO_RS15435	6001
HVO_RS15440	8851
HVO_RS15445	1285
HVO_RS15450	6886
HVO_RS15455	5361
HVO_RS15460	749
HVO_RS15465	335557
HVO_RS15470	815
HVO_RS15475	93738
HVO_RS15480	18706
HVO_RS15485	1855
HVO_RS15490	1910
HVO_RS15495	331
HVO_RS15500	4233
HVO_RS15505	9764
HVO_RS15510	5864
HVO_RS15515	1263
HVO_RS15520	5336
HVO_RS15525	112
HVO_RS15530	1174
HVO_RS15535	1115
HVO_RS15540	1782
HVO_RS15545	2361
HVO_RS15550	437
HVO_RS15555	836
HVO_RS15560	453
HVO_RS15565	163
HVO_RS15570	63
HVO_RS15575	25279
HVO_RS15580	520
HVO_RS15585	3306
HVO_RS15590	9609
HVO_RS15595	5171
HVO_RS15600	3188
HVO_RS15605	16958
HVO_RS15620	636
HVO_RS15625	1447
HVO_RS15630	1069
HVO_RS15635	4018
HVO_RS15640	6083
HVO_RS15645	110
HVO_RS15650	331
HVO_RS15655	182
HVO_RS15660	12
HVO_RS15665	166
HVO_RS15670	0
HVO_RS15675	43
HVO_RS15680	53
HVO_RS15690	1358
HVO_RS15705	1496
HVO_RS15710	1268
HVO_RS15715	1170
HVO_RS15720	2041
HVO_RS15725	1964
HVO_RS15730	192
HVO_RS15735	206
HVO_RS15740	448
HVO_RS15745	76
HVO_RS15750	682
HVO_RS15755	11668
HVO_RS15760	4915
HVO_RS15765	13824
HVO_RS15770	39764
HVO_RS15775	1451
HVO_RS15780	22720
HVO_RS15785	7692
HVO_RS15790	6212
HVO_RS15795	10256
HVO_RS15800	10733
HVO_RS15805	38860
HVO_RS15810	1920
HVO_RS15815	7437
HVO_RS15820	1187
HVO_RS15825	79489
HVO_RS15830	9506
HVO_RS15835	65976
HVO_RS15840	8183
HVO_RS15845	20594
HVO_RS15850	6590
HVO_RS15855	476
HVO_RS15860	5965
HVO_RS15865	14735
HVO_RS15870	3099
HVO_RS15875	26670
HVO_RS15880	7523
HVO_RS15885	183
HVO_RS15890	1455
HVO_RS15895	8705
HVO_RS15900	1325
HVO_RS15905	3717
HVO_RS15910	2253
HVO_RS15915	1003
HVO_RS15920	5719
HVO_RS15925	92
HVO_RS15930	11732
HVO_RS15935	2785
HVO_RS15940	1869
HVO_RS15945	22397
HVO_RS15950	51299
HVO_RS15955	3781
HVO_RS15960	4087
HVO_RS15965	10114
HVO_RS15970	11309
HVO_RS15975	9353
HVO_RS15980	3193
HVO_RS15985	5458
HVO_RS15990	26882
HVO_RS15995	44
HVO_RS16000	4618
HVO_RS16005	16865
HVO_RS16010	9007
HVO_RS16015	10311
HVO_RS16020	2388
HVO_RS16025	28291
HVO_RS16030	16602
HVO_RS16035	7797
HVO_RS16040	3881
HVO_RS16045	2724
HVO_RS16050	3067
HVO_RS16055	10685
HVO_RS16060	1430
HVO_RS16065	23607
HVO_RS16070	694
HVO_RS16075	8578
HVO_RS16080	12416
HVO_RS16085	1493
HVO_RS16090	2301
HVO_RS16095	14474
HVO_RS16100	2371
HVO_RS16105	7636
HVO_RS16110	13253
HVO_RS16115	9231
HVO_RS16120	2071
HVO_RS16125	108726
HVO_RS16130	9917
HVO_RS16135	5115
HVO_RS16140	1985
HVO_RS16145	5067
HVO_RS16150	30356
HVO_RS16155	18367
HVO_RS16160	228641
HVO_RS16165	6557
HVO_RS16170	4221
HVO_RS16175	8863
HVO_RS16180	879973
HVO_RS16185	818
HVO_RS16190	549
HVO_RS16195	762
HVO_RS16200	524
HVO_RS16205	1887
HVO_RS16210	192
HVO_RS16215	1335
HVO_RS16220	297
HVO_RS16225	5257
HVO_RS16230	352
HVO_RS16235	7477
HVO_RS16240	1684
HVO_RS16245	165942
HVO_RS16250	49242
HVO_RS16255	61476
HVO_RS16260	19427
HVO_RS16265	13000
HVO_RS16270	4456
HVO_RS16275	12758
HVO_RS16280	2586
HVO_RS16285	457
HVO_RS16290	101
HVO_RS16295	2092
HVO_RS16300	6254
HVO_RS16305	7826
HVO_RS16310	2457
HVO_RS16315	20991
HVO_RS16320	33990
HVO_RS16325	260
HVO_RS16330	4291
HVO_RS16335	3590
HVO_RS16340	39313
HVO_RS16345	17421
HVO_RS16350	31381
HVO_RS16360	980
HVO_RS16365	316
HVO_RS16370	5400
HVO_RS16375	11668
HVO_RS16380	30194
HVO_RS16385	308
HVO_RS16390	39817
HVO_RS16395	5379
HVO_RS16400	1786
HVO_RS16405	18441
HVO_RS16410	10108
HVO_RS16415	52851
HVO_RS16420	18785
HVO_RS16425	117403
HVO_RS16430	14918
HVO_RS16435	64335
HVO_RS16440	5726
HVO_RS16445	23250
HVO_RS16450	872
HVO_RS16455	82
HVO_RS16460	242
HVO_RS16465	645
HVO_RS16470	718
HVO_RS16480	13361
HVO_RS16485	7749
HVO_RS16490	1364
HVO_RS16495	6734
HVO_RS16500	3325
HVO_RS16505	4269
HVO_RS16510	3315
HVO_RS16515	9581
HVO_RS16520	390485
HVO_RS16525	2277
HVO_RS16530	3037
HVO_RS16535	4180
HVO_RS16540	714
HVO_RS16545	3086
HVO_RS16550	3339
HVO_RS16555	1438
HVO_RS16560	5044
HVO_RS16565	156
HVO_RS16570	1007
HVO_RS16575	59
HVO_RS16580	59627
HVO_RS16585	106010
HVO_RS16590	760
HVO_RS16595	8980
HVO_RS16600	2034
HVO_RS16605	980
HVO_RS16610	653
HVO_RS16615	13470
HVO_RS16620	1010
HVO_RS16625	1020
HVO_RS16630	5249
HVO_RS16635	9385
HVO_RS16640	1142
HVO_RS16645	526
HVO_RS16650	520
HVO_RS16655	1429
HVO_RS16660	247
HVO_RS16665	2067
HVO_RS16670	2020
HVO_RS16675	9144
HVO_RS16680	377
HVO_RS16685	3932
HVO_RS16690	56344
HVO_RS16695	3767
HVO_RS16700	1705
HVO_RS16705	701
HVO_RS16710	298
HVO_RS16715	4474
HVO_RS16720	882
HVO_RS16725	6069
HVO_RS16730	8264
HVO_RS16735	37646
HVO_RS16740	42213
HVO_RS16745	323
HVO_RS16750	3003
HVO_RS16755	1372
HVO_RS16760	6961
HVO_RS16765	5496
HVO_RS16770	6753
HVO_RS16775	5373
HVO_RS16780	2711
HVO_RS16785	1042
HVO_RS16790	5580
HVO_RS16795	741
HVO_RS16800	22019
HVO_RS16805	1568
HVO_RS16810	15202
HVO_RS16815	17651
HVO_RS16820	709
HVO_RS16825	2612
HVO_RS16830	15671
HVO_RS16835	2574
HVO_RS16840	25000
HVO_RS16845	4664
HVO_RS16850	2982
HVO_RS16855	54672
HVO_RS16860	179091
HVO_RS16865	3953
HVO_RS16870	1217
HVO_RS16875	46179
HVO_RS16880	3935
HVO_RS16890	1765
HVO_RS16895	1349
HVO_RS16900	6772
HVO_RS16905	2545
HVO_RS16910	1856
HVO_RS16915	26974
HVO_RS16920	3981
HVO_RS16925	9782
HVO_RS16930	2273
HVO_RS16935	6278
HVO_RS16940	18076
HVO_RS16945	5808
HVO_RS16950	2487
HVO_RS16955	1838
HVO_RS16960	6800
HVO_RS16965	391004
HVO_RS16970	65578
HVO_RS16975	82747
HVO_RS16980	86149
HVO_RS16985	91876
HVO_RS16990	145353
HVO_RS16995	130173
HVO_RS17000	114828
HVO_RS17005	36921
HVO_RS17010	4386
HVO_RS17015	40873
HVO_RS17020	128852
HVO_RS17025	37789
HVO_RS17030	28832
HVO_RS17035	48486
HVO_RS17040	111073
HVO_RS17045	12617
HVO_RS17050	288695
HVO_RS17055	75832
HVO_RS17060	60759
HVO_RS17065	136602
HVO_RS17070	41339
HVO_RS17075	128350
HVO_RS17080	187247
HVO_RS17085	2232903
HVO_RS17090	1401
HVO_RS17095	4034
HVO_RS17100	2883
HVO_RS17105	207
HVO_RS17110	127
HVO_RS17115	514
HVO_RS17120	6511
HVO_RS17125	9301
HVO_RS17130	3318
HVO_RS17135	3820
HVO_RS17140	10233
HVO_RS17145	2130
HVO_RS17150	1615
HVO_RS17155	539
HVO_RS17160	896
HVO_RS17165	1650
HVO_RS17170	1169
HVO_RS17175	10844
HVO_RS17180	4266
HVO_RS17185	237
HVO_RS17190	9283
HVO_RS17195	1361
HVO_RS17200	229443
HVO_RS17205	14898
HVO_RS17210	3225
HVO_RS17215	341
HVO_RS17220	1070
HVO_RS17230	173
HVO_RS17235	1157
HVO_RS17240	195
HVO_RS17245	3807
HVO_RS17250	3107
HVO_RS17255	30481
HVO_RS17260	4470
HVO_RS17265	3334
HVO_RS17270	9582
HVO_RS17275	1932
HVO_RS17280	30490
HVO_RS17285	90609
HVO_RS17290	54747
HVO_RS17295	4211
HVO_RS17300	10326
HVO_RS17305	727
HVO_RS17310	3696
HVO_RS17315	4030
HVO_RS17320	16078
HVO_RS17325	6287
HVO_RS17330	4578
HVO_RS17335	4774
HVO_RS17340	6426
HVO_RS17345	3337
HVO_RS17350	51672
HVO_RS17355	31821
HVO_RS17360	14768
HVO_RS17365	1663
HVO_RS17370	81291
HVO_RS17375	26362
HVO_RS17380	6705
HVO_RS17385	1244
HVO_RS17390	1604
HVO_RS17395	6258
HVO_RS17400	18764
HVO_RS17405	6103
HVO_RS17410	3184
HVO_RS17415	6233
HVO_RS17420	659
HVO_RS17425	25404
HVO_RS17430	9931
HVO_RS17435	4135
HVO_RS17440	3040
HVO_RS17445	4581
HVO_RS17450	2335
HVO_RS17455	3612
HVO_RS17460	11551
HVO_RS17465	6178
HVO_RS17470	2607
HVO_RS17475	23207
HVO_RS17480	1185
HVO_RS17485	4357
HVO_RS17490	12
HVO_RS17495	44419
HVO_RS17500	7157
HVO_RS17505	8461
HVO_RS17510	137
HVO_RS17515	2114
HVO_RS17520	1076
HVO_RS17525	1360
HVO_RS17530	19598
HVO_RS17535	1725
HVO_RS17540	7999
HVO_RS17545	3471
HVO_RS17550	11319
HVO_RS17555	4340
HVO_RS17560	12754
HVO_RS17565	3135
HVO_RS17570	5862
HVO_RS17575	4774
HVO_RS17580	4111
HVO_RS17585	3311
HVO_RS17590	29566
HVO_RS17595	44461
HVO_RS17600	10177
HVO_RS17605	257
HVO_RS17610	958
HVO_RS17615	24689
HVO_RS17620	25164
HVO_RS17625	13403
HVO_RS17630	7422
HVO_RS17635	1866
HVO_RS17640	2115
HVO_RS17645	1170
HVO_RS17650	9454
HVO_RS17655	1660
HVO_RS17660	3528
HVO_RS17665	1401
HVO_RS17670	10221
HVO_RS17675	9250
HVO_RS17680	5860
HVO_RS17685	17843
HVO_RS17690	56830
HVO_RS17695	2737
HVO_RS17700	35768
HVO_RS17705	15700
HVO_RS17710	27487
HVO_RS17715	209613
HVO_RS17720	469
HVO_RS17725	16631
HVO_RS17730	34965
HVO_RS17735	2477
HVO_RS17740	57542
HVO_RS17745	12054
HVO_RS17750	76135
HVO_RS17755	9414
HVO_RS17760	5272
HVO_RS17765	5144
HVO_RS17770	12380
HVO_RS17775	19441
HVO_RS17780	14312
HVO_RS17785	25151
HVO_RS17790	910
HVO_RS17795	1542
HVO_RS17800	16875
HVO_RS17805	942
HVO_RS17810	1832
HVO_RS17815	3184
HVO_RS17820	620
HVO_RS17825	35115
HVO_RS17830	7340
HVO_RS17835	27483
HVO_RS17840	47177
HVO_RS17845	1251
HVO_RS17850	11422
HVO_RS17855	1766
HVO_RS17860	461128
HVO_RS17865	186310
HVO_RS17870	19842
HVO_RS17875	2335
HVO_RS17880	1450
HVO_RS17885	12972
HVO_RS17890	652
HVO_RS17895	946
HVO_RS17900	1161
HVO_RS17905	97
HVO_RS17910	849
HVO_RS17920	8938
HVO_RS17925	827790
HVO_RS17930	45610
HVO_RS17935	16731
HVO_RS17940	101007
HVO_RS17945	6787
HVO_RS17950	8423
HVO_RS17955	9159
HVO_RS17960	4155
HVO_RS17965	5195
HVO_RS17970	3426
HVO_RS17975	4310
HVO_RS17980	52552
HVO_RS17985	48629
HVO_RS17990	11597
HVO_RS17995	64902
HVO_RS18000	7365
HVO_RS18005	6121
HVO_RS18010	764
HVO_RS18015	317955
HVO_RS18020	880603
HVO_RS18025	922760
HVO_RS18030	133889
HVO_RS18035	10237
HVO_RS18040	24161
HVO_RS18045	8387
HVO_RS18050	3589
HVO_RS18055	2364
HVO_RS18060	1056
HVO_RS18065	1722
HVO_RS18070	7031
HVO_RS18075	12913
HVO_RS18080	2633
HVO_RS18085	3412
HVO_RS18090	15371
HVO_RS18095	5727
HVO_RS18100	9038
HVO_RS18105	275281
HVO_RS18110	379311
HVO_RS18115	10445
HVO_RS18120	12814
HVO_RS18125	28842
HVO_RS18130	51271
HVO_RS18135	74343
HVO_RS18140	7939
HVO_RS18145	524855
HVO_RS18150	178264
HVO_RS18155	89853
HVO_RS18160	215163
HVO_RS18165	59062
HVO_RS18170	1878
HVO_RS18175	3250
HVO_RS18180	5848
HVO_RS18185	225719
HVO_RS18190	67929
HVO_RS18195	14008
HVO_RS18200	10650
HVO_RS18205	8365
HVO_RS18210	908
HVO_RS18215	3696
HVO_RS18220	7146
HVO_RS18225	3749
HVO_RS18230	5451
HVO_RS18240	835
HVO_RS18245	751
HVO_RS18250	592
HVO_RS18255	999
HVO_RS18260	4233
HVO_RS18265	590
HVO_RS18270	1367
HVO_RS18275	4343
HVO_RS18280	90038
HVO_RS18285	37706
HVO_RS18290	3214
HVO_RS18295	15662
HVO_RS18300	13653
HVO_RS18305	40429
HVO_RS18310	3415
HVO_RS18315	63559
HVO_RS18320	1306
HVO_RS18325	35
HVO_RS18330	552
HVO_RS18335	82
HVO_RS18340	67
HVO_RS18345	1569
HVO_RS18350	94
HVO_RS18355	966
HVO_RS18365	2757
HVO_RS18370	14496
HVO_RS18375	3258
HVO_RS18380	3048
HVO_RS18385	128
HVO_RS18395	1609
HVO_RS18400	669
HVO_RS18405	1149
HVO_RS18415	10150
HVO_RS18420	529
HVO_RS18425	647
HVO_RS18430	1039
HVO_RS18435	6983
HVO_RS18440	217
HVO_RS18445	1316
HVO_RS18450	3505
HVO_RS18455	3188
HVO_RS18460	258
HVO_RS18465	1706
HVO_RS18470	5777
HVO_RS18475	1106
HVO_RS18480	1751
HVO_RS18485	2235
HVO_RS18490	11792
HVO_RS18495	3325
HVO_RS18500	2245
HVO_RS18505	839
HVO_RS18510	6747
HVO_RS18515	7195
HVO_RS18520	12104
HVO_RS18525	5058
HVO_RS18530	8132
HVO_RS18535	31001
HVO_RS18540	13090
HVO_RS18545	284
HVO_RS18550	1643
HVO_RS18555	9967
HVO_RS18560	1052
HVO_RS18565	5932
HVO_RS18570	9855
HVO_RS18575	2997
HVO_RS18580	7342
HVO_RS18585	8771
HVO_RS18590	7683
HVO_RS18595	2942
HVO_RS18600	764
HVO_RS18605	2266
HVO_RS18610	2036
HVO_RS18615	17751
HVO_RS18620	40055
HVO_RS18630	19897
HVO_RS18635	6983
HVO_RS18640	8031
HVO_RS18645	32385
HVO_RS18650	12497
HVO_RS18655	1461
HVO_RS18660	6474
HVO_RS18665	2843
HVO_RS18670	7650
HVO_RS18675	145003
HVO_RS18680	1288
HVO_RS18685	1519
HVO_RS18690	1863
HVO_RS18695	2576
HVO_RS18700	1212
HVO_RS18705	2452
HVO_RS18710	9673
HVO_RS18715	2435
HVO_RS18720	1987
HVO_RS18725	7502
HVO_RS18730	57962
HVO_RS18735	29638
HVO_RS18740	1664
HVO_RS18745	4407
HVO_RS18750	5460
HVO_RS18755	16734
HVO_RS18760	9161
HVO_RS18765	12449
HVO_RS18770	12071
HVO_RS18775	1095
HVO_RS18780	5703
HVO_RS18785	4737
HVO_RS18790	171377
HVO_RS18795	5517
HVO_RS18800	3367
HVO_RS18805	231336
HVO_RS18810	2978
HVO_RS18815	27333
HVO_RS18820	1359
HVO_RS18825	328
HVO_RS18830	8109
HVO_RS18835	12348
HVO_RS18840	20873
HVO_RS18845	11058
HVO_RS18855	16422
HVO_RS18860	6868
HVO_RS18865	4060
HVO_RS18870	32510
HVO_RS18875	2461
HVO_RS18880	11213
HVO_RS18885	32096
HVO_RS18890	297
HVO_RS18895	985
HVO_RS18900	41706
HVO_RS18905	100
HVO_RS18910	1706
HVO_RS18915	32
HVO_RS18920	4415
HVO_RS18925	10968
HVO_RS18930	1572
HVO_RS18935	3579
HVO_RS18940	3503
HVO_RS18945	98457
HVO_RS18950	12052
HVO_RS18955	31745
HVO_RS18960	21251
HVO_RS18965	1065
HVO_RS18970	310
HVO_RS18975	22518
HVO_RS18980	2850
HVO_RS18985	84
HVO_RS18990	2686
HVO_RS18995	15550
HVO_RS19000	40244
HVO_RS19005	36587
HVO_RS19010	25778
HVO_RS19015	55278
HVO_RS19020	71594
HVO_RS19025	371
HVO_RS19030	1620
HVO_RS19035	569
HVO_RS19040	5611
HVO_RS19045	5447
HVO_RS19050	24349
HVO_RS19055	30942
HVO_RS19060	2511
HVO_RS19065	9980
HVO_RS19070	5738
HVO_RS19075	3984
HVO_RS19080	35253
HVO_RS19085	509
HVO_RS19090	768
HVO_RS19095	2378
HVO_RS19100	9101
HVO_RS19105	4149
HVO_RS19110	1097
HVO_RS19115	2506
HVO_RS19120	285
HVO_RS19125	20106
HVO_RS19130	10239
HVO_RS19135	13567
HVO_RS19140	5770
HVO_RS19145	17226
HVO_RS19150	8836
HVO_RS19155	4407
HVO_RS19160	4973
HVO_RS19165	13339
HVO_RS19170	2348
HVO_RS19175	520
HVO_RS19180	3228
HVO_RS19185	1340
HVO_RS19195	305911
HVO_RS19200	8494
HVO_RS19205	2296
HVO_RS19210	3628
HVO_RS19215	1193
HVO_RS19220	8030
HVO_RS19225	2842
HVO_RS19230	7325
HVO_RS19235	3584
HVO_RS19240	584
HVO_RS19245	3264
HVO_RS19250	9720
HVO_RS19255	78899
HVO_RS19260	4318
HVO_RS19265	8388
HVO_RS19270	91173
HVO_RS19275	67850
HVO_RS19280	28253
HVO_RS19285	99411
HVO_RS19290	5632993
HVO_RS19295	5885
HVO_RS19305	90
HVO_RS19310	9746
HVO_RS19315	2343
HVO_RS19320	4694
HVO_RS19325	912
HVO_RS19330	1313
HVO_RS19335	739
HVO_RS19340	2060
HVO_RS19345	74980
HVO_RS19350	93
HVO_RS19360	2149
HVO_RS19365	625
HVO_RS19370	375
HVO_RS19375	3622
HVO_RS19380	857
HVO_RS19390	3780
HVO_RS19400	58196
HVO_RS19405	22
HVO_RS19410	4708
HVO_RS19420	6634
HVO_RS19425	10952
HVO_RS19430	1106
HVO_RS19435	6465
HVO_RS19450	22914
HVO_RS19455	12270
HVO_RS19460	4098
HVO_RS19465	1255
HVO_RS19470	787
HVO_RS19475	2716
HVO_RS19480	8097
HVO_RS19485	326
HVO_RS19490	1293
HVO_RS19510	14582
HVO_RS19515	190
HVO_RS19520	3736
HVO_RS19525	241
HVO_RS19530	162
HVO_RS19535	522
HVO_RS19540	96
HVO_RS19545	2020
HVO_RS19550	103
HVO_RS19555	12540
HVO_RS19560	20
HVO_RS19565	100
HVO_RS19570	40
HVO_RS19575	146
HVO_RS19580	10907
HVO_RS19585	3624
HVO_RS19590	3883
HVO_RS19595	3194
HVO_RS19600	43
HVO_RS19605	1750
HVO_RS19610	108
HVO_RS19615	252
HVO_RS19620	46
HVO_RS19625	1843
HVO_RS19630	442
HVO_RS19635	4894689
HVO_RS19650	1116
HVO_RS19715	2
HVO_RS19740	3084
HVO_RS19745	1409
HVO_RS19770	10
HVO_RS19780	74
HVO_RS19795	503
HVO_RS19800	4141
HVO_RS19810	126
HVO_RS19825	537
HVO_RS19830	159
HVO_RS19855	4295
HVO_RS19875	7772
HVO_RS19880	278
HVO_RS19915	833
HVO_RS19920	199
HVO_RS19930	147575
HVO_RS19935	505
HVO_RS19940	24
HVO_RS19945	1068
HVO_RS19950	1931
HVO_RS19965	249
HVO_RS19970	1235
HVO_RS19975	11599
HVO_RS19990	651
HVO_RS19995	6575
HVO_RS20000	2425
HVO_RS20005	1776
HVO_RS20010	243
HVO_RS20015	765
HVO_RS20020	2633
HVO_RS20025	2064
HVO_RS20035	12049
HVO_RS20040	1
HVO_RS20045	182
HVO_RS20050	1466
HVO_RS20055	24
HVO_RS20060	1812
HVO_RS20065	7928
HVO_RS20100	5973
HVO_RS20105	61
HVO_RS20130	88581
HVO_RS20135	800
HVO_RS20140	6761
HVO_RS20145	12559
HVO_RS20150	9788
HVO_RS20155	4342
HVO_RS20160	1416
HVO_RS20165	2439
HVO_RS20175	10378
HVO_RS20180	959
HVO_RS20185	637
HVO_RS20190	2041
HVO_RS20195	176
HVO_RS20205	1733
HVO_RS20210	2123
HVO_RS20230	2848
HVO_RS20235	38401
HVO_RS20240	18723
HVO_RS20260	7936
HVO_RS20265	6022
HVO_RS20270	276
HVO_RS20290	287
HVO_RS20305	20719
HVO_RS20310	8037
HVO_RS20315	1971
HVO_RS20335	15544
HVO_RS20350	1316
HVO_RS20355	291
HVO_RS20370	4490
HVO_RS20380	350
HVO_RS20385	20819
HVO_RS20390	16218
HVO_RS20405	106514
HVO_RS20410	581
HVO_RS20415	51
HVO_RS20445	4877
HVO_RS20460	4787
HVO_RS20465	3121
HVO_RS20470	1148
HVO_RS20485	38
HVO_RS20495	172777
HVO_RS20505	586
HVO_RS20510	890
HVO_RS20525	571
HVO_RS20535	1544
HVO_RS20540	2526
HVO_RS20545	535
HVO_RS20550	202
HVO_RS20565	534
HVO_RS20570	550
HVO_RS20590	1009
HVO_RS20605	1928
HVO_RS20610	221
HVO_RS20615	665
HVO_RS20620	121
HVO_RS20625	362
HVO_RS20630	1165
HVO_RS20635	2059
HVO_RS20640	1080
HVO_RS20645	143
HVO_RS20665	1102
HVO_RS20670	124
HVO_RS20680	737
HVO_RS20685	1301
HVO_RS20690	1055
HVO_RS20700	97073
HVO_RS20705	1913
HVO_RS20710	18
HVO_RS20715	1131
HVO_RS20720	318
HVO_RS20730	4312
HVO_RS20735	0
HVO_RS20740	12
HVO_RS20750	9
HVO_RS20760	47
HVO_RS20765	83
HVO_RS20775	5250
HVO_RS20780	326
HVO_RS20785	9000
HVO_RS20790	2714
HVO_RS20795	11657
HVO_RS20800	113
HVO_RS20805	1334
HVO_RS20810	1719
HVO_RS20815	938
HVO_RS20820	82
HVO_RS20825	4084
HVO_RS20830	12
HVO_RS20835	4
HVO_RS20840	15
HVO_RS20845	38788
HVO_RS20850	5403
HVO_RS20855	1935
HVO_RS20860	225
HVO_RS20865	77
HVO_RS20870	725
HVO_RS20875	29163
HVO_RS20880	489
HVO_RS20885	334
HVO_RS20890	68
HVO_RS20895	426
HVO_RS20900	9580
HVO_RS20905	536
HVO_RS20910	882
HVO_RS20915	5464
HVO_RS20920	331
HVO_RS20925	2700
HVO_RS20930	2693
HVO_RS20935	2
HVO_RS20940	5778
HVO_RS20945	34
HVO_RS20950	7103
HVO_RS20955	1064
HVO_RS20960	3264
HVO_RS20965	185
HVO_RS20970	4508
HVO_RS20975	3174
HVO_RS20980	4338
HVO_RS20985	16499
HVO_RS20990	626
HVO_RS20995	377
HVO_RS21000	251
HVO_RS21005	40105
HVO_RS21010	923
HVO_RS21015	6306
HVO_RS21020	680
HVO_RS21025	56
HVO_RS21030	149
HVO_RS21035	8
HVO_RS21040	60
HVO_RS21045	139
HVO_RS21050	1517
HVO_RS21055	526
HVO_RS21060	156
HVO_RS21065	5145
HVO_RS21070	3915
HVO_RS21075	38
HVO_RS21080	4124
HVO_RS21085	52
HVO_RS21090	189
HVO_RS21095	660
HVO_RS21100	464
HVO_RS21105	6219
HVO_RS21110	2899
HVO_RS21115	838
HVO_RS21120	1699
HVO_RS21125	47
HVO_RS21135	1321
HVO_RS21145	876
HVO_RS21150	62
HVO_RS21155	1133
HVO_RS21160	1
HVO_RS21165	0
HVO_RS21170	83
HVO_RS21175	105
HVO_RS21180	47
HVO_RS21185	415
HVO_RS21190	28
HVO_RS21195	12
HVO_RS21210	178
HVO_RS21215	63
HVO_RS21225	141
HVO_RS21230	2693
HVO_RS21235	330
HVO_RS21240	124
HVO_RS21245	95
HVO_RS21255	11412
HVO_RS21265	23885
HVO_RS21275	291
HVO_RS21280	1397
HVO_RS21285	101
HVO_RS21290	328
HVO_RS21295	2669
HVO_RS21300	1066
HVO_RS21310	36
HVO_RS21315	21625
HVO_RS21335	813
HVO_RS21340	155
HVO_RS21345	608
HVO_RS21365	3938
HVO_RS21370	2281
HVO_RS21375	61
HVO_RS21380	27
HVO_RS21385	671
HVO_RS21390	827
HVO_RS21395	3648
HVO_RS21400	17
HVO_RS21405	17234
HVO_RS21410	996
HVO_RS21415	651
HVO_RS21420	93
HVO_RS21425	184
HVO_RS21430	1698
HVO_RS21435	719
HVO_RS21440	1783
HVO_RS21445	1519
HVO_RS21450	168
HVO_RS21455	513
HVO_RS21460	25
HVO_RS21465	2710
HVO_RS21470	24461
HVO_RS21475	230
HVO_RS21480	90
HVO_RS21485	404
HVO_RS21490	756
HVO_RS21495	2532
HVO_RS21500	2262
__no_feature	8119623
__ambiguous	14687666
__too_low_aQual	0
__not_aligned	0
__alignment_not_unique	11580775
